review,y
ë¶ˆíŒì´ ìž‘ì•„ì„œ 6ëª… í…Œì´ë¸”ì— 6ëª…ì´ ê³ ê¸°ë¨¹ê¸°ì—” íž˜ë“¤ì—ˆì–´ìš” ã… ã… ,0
ì¢‹ì•˜ìŠµë‹ˆë‹¤,1
ë¶„ìœ„ê¸°ë„ ì¢‹ê³  í–ˆì§€ë§Œ ê³ ê¸°ê°€ ì–‡ì•„ ì•„ì‰¬ì› ìŠµë‹ˆë‹¤.,1
"ìƒì‚¼ê²¹ ê³ ê¸° ë§›ì´ ë³„ë¡œìž…ë‹ˆë‹¤.ë„ˆë¬´ ì–‡ìŒ;;
ì´ë² ë¦¬ì½” ëª©ì‚´ì€ ë¼ì§€ ëƒ„ìƒˆë‚˜ìš”;;;",0
ê³ ê¸°ê°€ë§›ìžˆì–´ì„œ. . . ì €ë„ëª¨ë¥´ê²Œê·¸ë§Œ ìˆ ì„...,1
"ê³ ê¸°ëŠ” ë§›ìžˆìŠµë‹ˆë‹¤!
ê·¼ë° ê°•ë‚¨ì´ë¼ ì‚¬ëžŒì´ ì—„ì²­ë§Žì•„ì„œã…Žã…Ž
ì‹œë„ëŸ½ê³  ì•Œë°”ìƒë“¤ì´ ë°”ë¹ ì„œ ì„œë¹™ë°›ê¸°ê°€ ì‰½ì§€ëŠ” ì•Šì•˜ë„¤ìš”~ ì–´ì©”ìˆ˜ì—†ëŠ” ê±´ê°€ .... ìŒì‹ë§›ì€ êµ¿ìž…ë‹ˆë‹¤.",1
ì¹œì ˆí•˜ì‹œê³  ë§›ìž‡ê²Œìž˜ë¬µì—ˆìŠµë‹ˆë‹¤.,1
ìš°ì‚¼ê²¹ì´ ë§›ìžˆë„¤ìš”~~,1
ê³ ê¸°ëŠ” ì •ë§ ë§›ìžˆì—ˆëŠ”ë° ì¸ì›ì´ ì—¬ì„¯ì¸ë° í™”ë¡œ í•˜ë‚˜ì¤˜ì„œ í•œì  ë¨¹ê³  í•œì°¸ ê¸°ë‹¤ë¦¬ê³  í•œì  ë¨¹ê³  í•œì°¸ ê¸°ë‹¤ë¦¬ê³  ë§¤ìš°ë§¤ìš° ë¶ˆíŽ¸í–ˆë„¤ìš”,0
"ê°•ë‚¨ì—ì„œ ë§Žì€ ì¸ì› ëª¨ìž„ ìž¥ì†Œ í•˜ê¸°ì—ëŠ” ì¢‹ì€ ê³³ ê°™ì•„ìš”!
ê³ ê¸° ë§›ì€ í‰ë²”í•˜ì§€ë§Œ... ëƒ‰ë©´ì€ ìµœê³ ë¡œ ë§›ìžˆì—ˆìŠµë‹ˆë‹¤.",1
"ë£¸ ë°°ì •ì„ ëª»ë°›ì•„ ì¢€ ì•„ì‰¬ì› ì§€ë§Œ êµ¬ì´, ëœìž¥ ë§Œì¡±ìŠ¤ëŸ°ì‹ì‚¬ì˜€ìŠµë‹ˆë‹¤.",1
ë¶„ìœ„ê¸° ì¢‹ê³  ê³ ê¸° ë§›ìžˆê³  ì¹œì ˆí•©ë‹ˆë‹¤,1
"ê³ ê¸°ë§›ì€ ì¢‹ì•˜ìœ¼ë‚˜, êµ¬ì›Œì£¼ì‹œëŠ” ë¶„ì´ ë„ˆë¬´ ë°”ì˜ì…¨ë‚˜ í˜¸ì¶œì„ í•˜ëŠ”ë°ë„ ëŠ¦ê²Œ ì˜¤ì‹œê³  ë¹ ë¥¸ ì²˜ë¦¬ê°€ ì•ˆì´ë£¨ì–´ì¡Œì–´ìš”ã…œã…œ ì¹œì ˆ í•˜ì…”ì„œ ë” ì•ˆíƒ€ê¹Œì› ì–´ìš”. í™€ì— ì†ë‹˜ì´ ë§Žìœ¼ë©´ ì„œë²„í•˜ì‹œëŠ” ë¶„ë“¤ì„ ëŠ˜ë ¤ì£¼ì…”ì•¼ ë êº¼ê°™ì•„ìš”. ì•„ë¬´ëž˜ë„ ëª¨ë“ í…Œì´ë¸”ì˜ ê³ ê¸°ë¥¼ êµ¬ì›Œì£¼ì‹œë‹ˆê¹Œ íž˜ë“¤ì–´ ë³´ì´ì…¨ì–´ìš”.",0
"ë£¸ìœ¼ë¡œ ë³€ê²½í•´ì£¼ì…”ì„œ ìž˜ë¨¹ê³  ê°‘ë‹ˆë‹¤
êµ¬ì›Œ ì£¼ì‹œëŠ” ë¶„ì´ ì¢€ ë°”ì˜ê¸´í–ˆì§€ë§Œ 
ê±°í•˜ê²Œ ë¨¹ê³  ë†€ì•˜ë„¤ìš”",1
"ì§ì›ì¹œì ˆí•˜ê³  ê³ ê¸°ëŠ” ë­ ì›Œë‚™ ê´œì°®ì•˜ê³ í•œë°
ì¢Œì„ì„ ìž…êµ¬ìª½ì— ë°°ì •í•´ì£¼ì…”ì„œ ë„ˆë¬´ ì¶¥ê²Œ ìŒì‹ì„ ë¨¹ì—ˆìŠµë‹ˆë‹¤",0
"ë¹„ê°€ ì˜¤ëŠ” ë°”ëžŒì— ì˜ˆì•½í•œ ì‹œê°„ë³´ë‹¤ ëŠ¦ì—ˆì—ˆëŠ”ë°, ìž¬ì´‰í•˜ì§€ ì•Šìœ¼ì‹œê³  ê¸°ë‹¤ë ¤ì£¼ì…”ì„œ ê°ì‚¬í•©ë‹ˆë‹¹~~~
ë„ˆë¬´ ìž˜ ë¨¹ì—ˆì–´ìš”",1
í™•ì‹¤ížˆ ë³¸ì ë³´ë‹¤ëŠ” ëª»í•˜ë„¤ìš”. ê³ ê¸° ì§ˆë„ ê·¸ì € ê·¸ë ‡ê³  ì„œë¹„ìŠ¤ë„ ì«Œ ëŠë¦¬ê³  ë„ˆë¬´ ë²ˆìž¡í•´ìš”.,0
"ê°ˆ ë•Œë§ˆë‹¤ ê°íƒ„í•˜ê³  ì˜µë‹ˆë‹¤.
ìµœìƒê¸‰ì˜ ê³ ê¸°í€„ë¦¬í‹°ì™€ ì„œë²„ë¶„ì˜ ì¹œì ˆí•¨ê¹Œì§€..
ì™„ë²½í•œ ì‹ì‚¬ì˜€ì–´ìš”~",1
ì¹œì ˆí•˜ê³  ë§›ìžˆì—ˆì–´ìš”,1
ìŒì‹ë„ ë¹ ë¥´ê²Œ ì„œë¹„ìŠ¤í•´ì£¼ì‹œê³  ë§›ë„ ê´œì°®ì•˜ìŠµë‹ˆë‹¤.,1
ì¹¼êµ­ìˆ˜ëŠ” ê¹”ë”í•˜ê³  ì¡±ë°œë„ ë§›ìžˆì—ˆì–´ìš” ê·¼ë° ì–‘ì€ ì¡°ê¸ˆ ìž‘ì€ë“¯ 3ëª…ì´ã… ë¨¹ê¸°ì— ì ë‹¹í•´ì—¬,1
ì €í¬ê°€ ë¹„ë¡ ëŠ¦ê²Œ ê°€ê¸´ í–ˆì§€ë§Œ ì„œë¹„ìŠ¤ê°€ ì•½ê°„ ëŠë¦°ê²ƒê°™ì•˜ìŠµë‹ˆë‹¤. ê³µê¹ƒë°¥ì´ë‚˜ ì£¼ë¨¹ë°¥ë„ ì‹œí‚¨ì§€ í•œì°¸ë§Œì—  ë‚˜ì˜¤ê³ ... ë§›ìžˆê²Œ ë¨¹ì—ˆì§€ë§Œ ì´ ë¶€ë¶„ì´ ì•„ì‰½ìŠµë‹ˆë‹¤.(ê·¸ë¦¬ê³  ì €ëŠ” ì£¼ë¨¹ë°¥ ì–˜ê¸°í•˜ì…”ì„œ í…Œì´ë¸”ë‹¹ 1ê°œì”© ì£¼ì‹œëŠ”ì¤„ ì•Œì•˜ëŠ”ë° 1ê°œë§Œ ì£¼ì…”ì„œ ë‹¹í™©í–ˆìŠµë‹ˆë‹¤),0
"ì˜ˆì•½í•˜ë©° ìš”ì²­ëž€ì— ì¸ì› ë§ì”€ë“œë ¸ê³ , ì „í™”ë„ ë“œë ¸ì—ˆëŠ”ë°. 10ë¶„ ì „ ë„ì°©í•´ ì˜ˆì•½ìžë¼í•˜ë‹ˆ ìžë¦¬ê¹Œì§€ ì•ˆë‚´í•´ì¤˜ë†“ê³  ë’¤ëŠ¦ê²Œ ì˜ˆì•½í•´ë†“ê³  ì™œ ì•ˆì˜¤ëŠëƒê³  ì§œì¦ì„žì¸ì±„ ì „í™”ë¼ë‹ˆ.. ì—¬ê¸°ê¹Œì§„ ë­ ì°©ì˜¤ë¡œ ê·¸ëŸ´ ìˆ˜ ìžˆë‹¤ ìƒê°í–ˆëŠ”ë° ì´í›„ì—ë„ ì‚¬ê³¼ í•œë§ˆë”” ì—†ì´ ë”°ì§€ë“¯ ì—´ëª… ì˜ˆì•½ ì•„ë‹ˆì—ˆëŠëƒê³  ë˜ë¬»ëŠ”ë° ë§ˆì§€ë§‰ê¹Œì§€ ë¶ˆì¾Œí–ˆìŠµë‹ˆë‹¤. ë§›ë„ ì„œë¹™ë„ ì¢‹ì•˜ìŠµë‹ˆë‹¤. ë‹¤ë§Œ ì—¬ì§ì›ì˜ íƒœë„ê°€ ë§¤ìš° ë¶ˆì¾Œí–ˆì–´ìš”",0
"ê°•ë‚¨ì ì€ ë§¤ìž¥ì´ ë„“ì–´ì„œ ì¢‹ë„¤ìš”ã…Žã…Ž
ìŠ¤íŽ˜ì…œì„¸íŠ¸ ë¨¹ì—ˆëŠ”ë° ë§›ë„ ìžˆê³  ì¸ìŠ¤íƒ€ ì´ë²¤íŠ¸ë¡œ ìŒë£Œë„ ì£¼ì…”ì„œ ìž˜ë¨¹ì—ˆìŠµë‹ˆë‹¤~",1
ë§›ìžˆì–´ì„œ ë˜ ê°”ì–´ìš”,1
ë§›ìžˆì–´ìš”:),1
"ë§¤ìž¥ì´ ë„“ì–´ì„œ ë‹¨ì²´ë¡œ íšŒì‹í•˜ê¸° ì¢‹ì•˜ì–´ìš”
ì¡±ë°œë„ ë§›ìžˆê³  ì¹¼êµ­ìˆ˜ë„ ë¬´í•œë¦¬í•„ì¸ë° ë§›ìžˆì—ˆì–´ìš”
íšŒì‚¬ì—ì„œ ì¹­ì°¬ë°›ì•„ì„œ ë¦¬ë·°ë‚¨ê²¨ìš”ã…Ž",1
êµ¿ì´ì—ˆìŠµë‹ˆë‹¤,1
ì¡±ë°œë„ë§›ìžˆê³  í…Œë¼ìŠ¤ì²˜ëŸ¼? ì „ë©´ì°½ì´ ì—´ë ¤ì„œ ë¶„ìœ„ê¸° ì¢‹ê²Œ ëª¨ìž„í• ìˆ˜ìžˆì—ˆì–´ìš”^^ ì¹¼êµ­ìˆ˜ë„ë§›ìžˆì—ˆìŠµë‹ˆë‹¤~,1
"ë¯¿ê³  ê°€ëŠ” í™ì¹¼ì¡±ë°œ, ì–´ì œë„ ë§Œì¡±ìŠ¤ëŸ¬ì› ìŠµë‹ˆë‹¤.
ì•„ë¥´ë°”ì´íŠ¸ í•˜ì‹œëŠ” ë¶„ì˜ ê³ ì••ì ì¸ íƒœë„ëŠ” ë‹¤ì†Œ ë¶ˆíŽ¸í–ˆì§€ë§Œ, ì „ë°˜ì ìœ¼ë¡œ ë§Œì¡±í•©ë‹ˆë‹¤!",1
"ì§±ì¢‹ì•„ìš” ë§›ë„ë§›ì¸ë° ì§ì›ë¶„ë“¤ê°œì¢‹ì•„ì—¬
ë„ˆë¯€ì¹œì ˆ><
ê°ì‚¬í•©ë‹ˆë‹¹!!",1
ë„ˆë¬´ ë§›ìžˆì—ˆìŠµë‹ˆë‹¤!!!,1
ì˜¤ëžœë§Œì— ê°”ëŠ”ë° ë§›ìžˆê²Œ ë¨¹ì—ˆìŠµë‹ˆë‹¤.,1
ë§Œì¡±í•©ë‹ˆë‹¤,1
"íŠ¹ì´í•œ ê³ ê¸° êµ½ê¸° ë°©ì‹ìœ¼ë¡œ ì—°ê¸°ê°€ ë§Žì´ ì•ˆë‚˜ì„œ ì¢‹ì•„ìš”~
ê³ ê¸° ë§›ìžˆê³  ì…€ëŸ¬ë“œ ì§„ì§œ ì»¤ìš”! 
ì¼í•˜ì‹œëŠ” ë¶„ë“¤ì€ ì•½ê°„ ì´ˆì§œ ëŠë‚Œ.
ì˜ˆì „ì—ëŠ” ì‚¬ëžŒë“¤ì´ ë§Žì•„ì„œ ì¤„ì„œì„œ ë¨¹ì—ˆëŠ”ë° ì§€ê¸ˆì€ í•œì‚°í•´ì„œ ì¢‹ì•„ìš”. 
ì•”íŠ¼ ìž˜ë¨¹ì—ˆìŠ´ë‹¤.",1
ë§›ìžˆì–´ìš” ê·¼ë° ìžë¦¬ëŠ” ì¢ì•„ìš”,1
ìš°ì„  ì²˜ìŒ ë°©ë¬¸ì´í•˜ ìŠ¤íƒ€ì¼ì— ì¢€ ë‹¹í™©í–ˆêµ¬ìš”~~ê·¸ë ‡ì§€ë§Œ ê³ ê¸° íƒ„ì—°ê¸°ê°€ ì—†ì–´ì„œ ëª¸ì—ì„œ ê³ ê¸° ëƒ„ìƒˆê°€ ì•ˆë‚˜ë‚´ìš”~~^^ ê·¸ë¦¬ê³  ì¢…ì—…ì›ë¶„ë“¤ ì¹œì ˆí•˜ì…”ì„œ ì¦ê±°ìš´ ì‹œê°„ì´ì—ˆì–´ìš”~~ë˜ ì´ìš©í•  ê²ƒê°™ì—ìš”~~,1
ë¶„ìœ„ê¸°ë„ ì¢‹ê³  ì»¨ì…‰ë„ ì‹ ì„ í•˜ê³  ë§›ë„ ìµœê³ ì˜€ëŠ”ë° ì €í¬ëŠ” ë‹¤ ëŒ€ì‹ê°€ë¼ì„œ ê³ ê¸° ìµëŠ”ê±° ê¸°ë‹¤ë¦¬ëŠ” ê²Œ ë„ˆë¬´ ê°ì§ˆë§›ë‚¬ì–´ìš”ã…œã…œ ã…‹ã…‹ ë‹¤ìŒì— ê°ˆë•ŒëŠ” ë‹¤ë¥¸ ë©”ë‰´ë„ ì‹œì¼œì„œ ê³ ê¸° ìµì„ë™ì•ˆ ë¨¹ìœ¼ë ¤êµ¬ìš”ã…‹,1
"ë…íŠ¹í•œ ê³ ê¸°ë§›ê³¼ ì¸í…Œë¦¬ì–´

ë°ì´íŠ¸ë•Œ ê³ ê¸°ê°€ ë•¡ê¸°ì§€ë§Œ ëƒ„ìƒˆê°€ ê±±ì •ì´ë¼ë©´ ì¶”ì²œ

ê±´ìž¥í•œ ë‚¨ìžë“¤ë¼ë¦¬ ê°ˆêº¼ë©´ ì–‘ì´ì¢€..",1
ë§›ìžˆë„¤ìš”.,1
"ì •ë§ ê¸°ë§‰ížŒ ë§›ìž…ë‹ˆë‹¤
ì‚¬ìž¥ë‹˜ ì¹œì ˆ ì§ì›ë¶„ë“¤ ì™„ì „ í”„ë¡œì˜ì‹",1
ì†ë‹˜ë„ë§Žê³  ì„œë¹„ìŠ¤ë„ì¢‹ê³  ë§›ì€ë”ë”ìš± ì¢‹ì•˜ì–´ìš” ê°€ê²©ì´ í›„ëœëœì´ì§€ë§Œ^^;;,1
ë§›ìžˆê³  ì¹œì ˆí–ˆì–´ìš”! ë˜ ë°©ë¬¸í• ê²Œìš”,1
ì¢‹ì•˜ìŠµë‹ˆë‹¤.,1
"ì§„ì§œ ë§›ìžˆê³  ì„œë¹„ìŠ¤ë„ ëŒ€ë°•ì´ì—ìš”!!!!
ë³¶ìŒë°¥ë„ ë‚ ì¹˜ì•Œë„ ì§±ì§±ë§Žê³  ì´ì˜ìž ë§›ì§‘ë‹µê²Œ ì§„ì§œ ë§›ìžˆìŠµë‹ˆë‹¹",1
ì •ë§ ë§›ìžˆê³  ì¹œì ˆí•´ìš” ëœìž¥ì°Œê°œëŠ” ì¢€ ì‹±ê±°ì› ì–´ìš”,1
"ìž¥í¥ì‚¼í•©ê³¼ëŠ” ë‹¤ë¥¸ ìŠ¤íƒ€ì¼ì˜ ì§„ëŒ€ê° ì°¨ëŒì‚¼í•©.
ë‹¤ì–‘í•œ ê³ë“¤ì´ì™€ ê°™ì´ ë¨¹ëŠ” ë§›ì´ êµ¿!",1
ë‚¨ìžì¹œêµ¬í•œí…Œ ì—„ì²­ ëŒ€ë°•ë§›ì§‘ ì˜ˆì•½í•´ë†¨ìœ¼ë‹ˆ ê¸°ëŒ€í•˜ë¼ê³  í°ì†Œë¦¬ë–µë–µì¹˜ê³  ë°ë¦¬ê³ ê°”ëŠ”ë°..ì˜ˆì•½í™•ì¸ì•ˆëœë‹¤ë©° ì˜ˆì•½í•œê±°ë§žëƒê³  ìž…êµ¬ì—ì„œë¶€í„° ëª‡ë²ˆì´ë‚˜ ë˜ë¬¼ì–´ë³´ì‹œë‹ˆ ì—„ì²­ ë¯¼ë§í–ˆì–´ìš”.ì¼ë¶€ëŸ¬ ì˜ˆì•½í™•ì •ëœê±°ë§žëŠ”ì§€ ì „í™”í•´ì„œ í™•ì¸ê¹Œì§€ í•˜ê³ ê°„ê±°ì˜€ëŠ”ë° ë§‰ìƒê°€ë³´ë‹ˆ ì˜ˆì•½ìžëª…ë‹¨ì— ì œì´ë¦„ì€ ì—†ì–´ì„œ í™©ë‹¹...ê·¸ëž˜ë„ í°ìžë¦¬ íŽ¸í•˜ê²Œì•‰ìœ¼ë¼ê³  í•´ì£¼ì…”ì„œ ê°ì‚¬í–ˆì§€ë§Œ..ë‘˜ì´ì„œ ê·¸ í°ìžë¦¬ì°¨ì§€í•˜ê³ ìžˆìœ¼ë‹ˆ ê´œì‹œë¦¬ ë¯¼íë¼ì¹˜ëŠ”ê²ƒê°™ì•„ì„œ ë¨¹ëŠ”ë‚´ë‚´ ë§ˆìŒíŽ¸ì¹˜ì•Šì•˜ì–´ìš”. ë°˜ì°¬ë„ ì–¼ë§ˆë‚˜ ì¼ì°ë‹´ì•„ë…¼ê±´ì§€ ìœ¤ê¸°ì—†ì´ ë‹¤ë§¤ë§ë¼ìžˆê³ ..ì‚¼ì„±íƒ€ìš´ì ì€ ë³¶ìŒë°¥ì‹œí‚¤ë©´ ë‚˜ì˜¤ëŠ” ëœìž¥ì°Œê°œë„ ë„ˆë¬´ë§›ìžˆì–´ì„œ ëœìž¥ì°Œê°œë§›ì§‘ì¸ì¤„ ì°©ê°í• ì •ë„ì˜€ëŠ”ë° ë˜‘ê°™ì€ ì²´ì¸ì´ì—¬ë„ ë§›ì´ ë‹¤ë¥¸ê±´ì§€ ì—¬ê¸°ì§€ì ì€ ëœìž¥ì°Œê°œ ì™„ì „ ë§¹íƒ•ì´ì˜€ìŠµë‹ˆë‹¤..ì‚¼ì„±íƒ€ìš´ì  ì²˜ìŒê°€ë³´ê³  ì™„ì „ë°˜í•´ì„œ ì´ë²ˆì—” ì—¬ê¸°ì§€ì ìœ¼ë¡œ ë°©ë¬¸í•´ë³´ì•˜ëŠ”ë°...ì—¬ëŸ¬ëª¨ë¡œ ë¹„êµê°€ ë§Žì´ë˜ì„œ ì•„ì‰¬ì› ìŠµë‹ˆë‹¤,0
ì˜ˆì•½í•´ì„œ íŽ¸í•˜ê²Œ ì¦ê²¼ì–´ìš”~,1
ì†Œê³ ê¸° ê´€ìžì¡°í•© ã…Žã…Ž ë‹¤ êµ¬ì›Œì£¼ì…”ì„œ ë” ë§›ìžˆê²Œë¨¹ì—ˆì–´ìš” ê²°í˜¼í•œë‹¤ê³  ì¹œêµ¬ë§Œë‚œ ê±°ì˜€ëŠ”ë° ì²­ì²©ìž¥ë³´ì‹œë”ë‹ˆ ê²°í˜¼ì„ ë¬¼ë„ ì£¼ì‹œê³ ^^ ê°ì‚¬í•©ë‹ˆë‹¹~,1
"ë„ˆë¬´ ë§Œì¡±ìŠ¤ëŸ¬ì› ìŠµë‹ˆë‹¤! ìš”ì²­ì‚¬í•­ì— ìš”ì²­í•œëŒ€ë¡œ ì°½ê°€ìª½ í…Œì´ë¸”ë¡œ ì£¼ì…¨ê³ , ì„œë¹„ìŠ¤, ê³±ì°½ìƒíƒœë„ ë‹¤ ë§Œì¡±ìŠ¤ëŸ¬ì› ìŠµë‹ˆë‹¤ : )",1
ì‹œë„ëŸ¬ì›Œìš” ã… ã… ã… ã… ,0
"ë§›ìžˆì–´ìš”~ì¹œì ˆí•˜ê³   ì¢‹ì•˜ì–´ìš”
ë¶€ì¶”ë„  ë§›ìžˆêµ¬  ìˆœë‘ë¶€ì°Œê²Œê°€ ì„œë¹„ìŠ¤ë¡œ  ë‚˜ì™”ëŠ”ë°  ë¦¬í•„ë‘  í•´ì£¼ì‹œê³  ì¢‹ì•„ìš”",1
ì‹œëŒì‹œëŒí•˜ê¸´ í–ˆëŠ”ë° ìµœê·¼ ë¨¹ì€ ê³±ì°½ì¤‘ì— ê³±ì´ ì œì¼ ë§Žì•˜ì–´ìš” ì§± !!,1
ê°€ê²© ë§› ëª¨ë‘ ë§Œì¡±,1
ì„œë¹„ìŠ¤ëŠ” ë‚˜ì˜ì§€ ì•Šì•˜ìŠµë‹ˆë‹¤ë§Œ ê°€ê²©ëŒ€ë¹„ ì–‘ì´ ì ì€ ê²ƒì€ ì¡°ê¸ˆ ì•„ì‰¬ì› ìŠµë‹ˆë‹¤! ì¸ë‹¹ 3ë§Œì›ì–´ì¹˜ëŠ” ë¨¹ì–´ì¤˜ì•¼ ë°°ê°€ ì°° ê²ƒê°™ë„¤ìš” ã…Žã…Ž ì—¬ì„± 2ì¸ ê¸°ì¤€ìž…ë‹ˆë‹¤,0
ê¸ˆìš”ì¼ í”¼í¬íƒ€ìž„ì— ì˜ˆì•½ì‹œê°„ì´ ì§€ë‚¬ìŒì—ë„ ìžë¦¬ë¥¼ ìž˜ ë§ˆë ¨í•´ì£¼ì…”ì„œ ê°ì‚¬ë“œë¦½ë‹ˆë‹¤. ê°€ê²Œê°€ ì†ë‹˜ë“¤ë¡œ ê½‰ì°¨ í™œê¸°ê°€ ë„˜ì³ ì¢‹ì•˜ê³  ìŒì‹ë„ ë§›ìžˆì–´ì„œ 10ì—¬ë…„ë§Œì— ë¯¸êµ­ì—ì„œì˜¨ í›„ë°°ì™€ ì¢‹ì€ì‹œê°„ ë˜ì—ˆìŠµë‹ˆë‹¤. ë˜ ì´ìš©í•˜ê³  ì‹¶ìŠµë‹ˆë‹¤.,1
êµ¿ì´ì—ìš”!,1
"ì§€ë‚œë²ˆì— ê°”ë‹¤ê°€ ë„ˆë¬´ ë§›ìžˆê³  ì§ì›ë“¤ë„ ì¹œì ˆí•´ì„œ ì˜ˆì•½ í•˜ê³  ìž¬ë°©ë¬¸ í–ˆì–´ìš”ã…Žã…Žã…Žã…Ž
ì—­ì‹œ ê°•ë‚¨ì—­ ê³±ì°½ê³  ë„ˆë¬´ ë§›ìžˆê³ , ì¹œì ˆí•œ ì„œë¹„ìŠ¤ ê°ë™ì´ë„¤ìš”~
ì‚¬ëžŒë“¤ë„ ë§Žê³  ë¶„ìœ„ê¸°ë„ ì¢‹ì•„ì„œ ì¹œêµ¬ë“¤ì´ëž‘ ë‹¤ìŒì£¼ì— ë˜ê°€ë ¤êµ¬ìš”!!!
ê°•ë‚¨ì—­ ê³±ì°½ê³  íƒ€ë§¤ìž¥ê³¼ ë¹„êµí•˜ì§€ ë§ˆì„¸ìš” ì§„ì‹¬ ì¶”ì²œí•©ë‹ˆë‹¤^^",1
"ê³±ì°½ê³ ë¼ë„ ë‹¤ê°™ì€ ê³±ì°½ê³ ê°€ ì•„ë‹ˆì˜€ë„¤ìš” ã…Žã…Ž 
ê°•ë‚¨ì—­ ê³±ì°½ê³  ë§›, ë¶„ìœ„ê¸°, ì„œë¹„ìŠ¤ ëª¨ë‘ ìµœê³ ì˜€ìŠµë‹ˆë‹¤!! ì•žìœ¼ë¡œë„ ìžì£¼ ì´ìš©í• ê²Œìš”~ê°•ë‚¨ì—­ í•«í”Œë ˆì´ìŠ¤ ê³±ì°½ê³  ë²ˆì°½í•˜ì„¸ìš”^^",1
ë§›ìžˆì–´ìš” ë˜ê°ˆë“¯,1
ì¹œêµ¬ë“¤í•˜ê³  ëª¨ìž„í•  ë•Œ ì¢‹ì•˜ë˜ ê²ƒ ê°™ì•„ìš”! ìŒì‹ë„ ì •ê°ˆí•´ì„œ ë§›ìžˆê²Œ ìž˜ ë¨¹ì—ˆìŠµë‹ˆë‹¤^^ ë‹¨ì§€ ì ì‹¬ì‹œê°„ ë•Œ ë°”ì˜ì…”ì„œ ê·¸ëŸ°ì§€ ì„œë¹™ì´ ëŠ¦ì–´ì¡ŒìŠµë‹ˆë‹¤. ê·¸ ì™¸ì—” ë§Œì¡±ìŠ¤ëŸ¬ì› ì–´ìš”!,1
"ë„ˆë¬´ë„ˆë¬´ ë§Œì¡±í–ˆë‹µë‹ˆë‹¤.
ê°•ë‚¨ì—ëŠ” ë§›ìžˆëŠ” ìŒì‹ì´ ì§„ì§œ ì°¾ê¸°íž˜ë“ ë°
ì •ë§ ë„ˆë¬´ ë§›ìžˆëŠ” ìŒì‹ì´ì˜€ì–´ìš” ã…Žã…Ž
ê°™ì´ê°€ì‹ ë¶„ë“¤ë„ ë§Œì¡±í•˜ê³  ê°œì¸ì ìœ¼ë¡œ ìŒì‹ì  ë•ë¶„ì— í•˜ë˜ì¼ ìž˜ ë§ˆë¬´ë¦¬ê°€ ëœê³  ê°™ì•„ìš” ã…Žã…Ž
ë‹¤ìŒì—ëŠ” ê°€ì¡±ì´ëž‘ ê°€ë³¼ê²Œìš”~",1
ë¶„ìœ„ê¸°ë„ ë§›ë„ Good,1
"í•œìš° ë¶ˆê³ ê¸°ë¼ì„œ í™•ì‹¤ížˆ ê³ ê¸° í€„ë¦¬í‹°ê°€ ë‹¤ë¥´ë”ë¼êµ¬ìš”!
ë¬´í•œë¦¬í•„ë¡œ ì •ë§ ë§›ìžˆê²Œ ë¨¹ê³  ì™”ì–´ìš”ã…Žã…Ž",1
ê°•ë‚¨ì— ì—¬ê¸° ë§Œí¼ ì •ì›ìžˆêµ¬ ê´œì°®ì€ ê³ ê¸°ì§‘ì€ì—†ëŠ”ê±°ê°™ì•„ìš” ê³ ê¸°ë„ì „ë¶€ ë‹¤ êµ¬ì›Œì£¼ì‹œê³  ì„œë¹„ìŠ¤ê°€ ë„˜ì¢‹ì•„ìš” ê³ ê¸°ë„ ë§›ìžˆê³  ^^,1
"ìž˜ë¨¹êµ¬ ê°‘ë‹ˆë‹¤!! 
ìŒì‹ë„ ë§›ìžˆê³  !! 
ì„œë¹„ìŠ¤ë„ ì¢‹ë„¤ìš”!!

3.1ì ˆ ë§žì´í•´ì„œ ê°€ì¡± ì™¸ì‹ì„ ë‹¤ë…€ì™”ëŠ”ë° ê°€ì¡± ëª¨ë‘ ë§Œë„í–ˆìŠµë‹ˆë‹¤!!
ë‹¤ìŒì— ë˜ ì˜¤ê² ìŠµë‹ˆë‹¤!!!",1
"ë°±ì–µí•˜ëˆ„...ê³ ê¸°ê°€ì§„ì§œë„ˆë¬´ë§›ìžˆë„¤ìš”!! ì„œë¹„ìŠ¤ë„ì¢‹ê³  ê°€ì¡±ë¼ë¦¬ ë°¥ë¨¹ê¸° ë„ˆë¬´ì¢‹ì€ê³³ì´ì˜ˆìš©..íšŒì‹ìž¥ì†Œë¡œ ì¶”ì²œí•´ì•¼ê² ì–´ìš”^^,,",1
"ì‚¼í•©ì´ ê·¸ë ‡ê²Œ ë§›ìžˆë‹¤ê¸¸ëž˜ í•œë²ˆ ë°©ë¬¸í–ˆëŠ”ë°..
ì§„ì§œ ì œ ì§€ì¸ë“¤ì´ ê¼­ ê°€ë¼ëŠ” ì´ìœ ë¥¼ ì•Œê² ë„¤ìš”
ì§„ì§œ ì–´ì œ ìž˜ë¨¹ê³  ë•ë¶„ì— í–‰ë³µí•œ ë°°ë¶€ë¦„ì„ ì˜¤ëžœë§Œì— ëŠë¼ê³  ê°‘ë‹ˆë‹¤:)  
ë‹¤ìŒì—” ì–´ë¨¸ë‹ˆ ìƒì‹ ë‚  ê°€ì•¼ê²Ÿì–´ìš”",1
"ì†Œê³ ê¸° ì°¨ëŒë°•ì´ì™€ ì „ë³µê³¼ í‚¤ì¡°ê°œ ê´€ìžì˜ ì‚¼í•© ì¡°í•©ì€ ì •ë§ ì¢‹ì•˜ìŠµë‹ˆë‹¤!
ê±°ê¸°ì— ê¹€ì¹˜ë¥¼ ê³ë“¤ì—¬ì„œ ë¨¹ì–´ë„ ì•„ì£¼ ë§›ìžˆë”êµ°ìš”!

ë‚  ì¢‹ì„ë•Œ ì •ì› ë°”ë¼ë³´ë©° ë¨¹ì–´ë„ ê¸°ë¶„ ì¢‹ì€ ì‹ì‚¬ìžë¦¬ê°€ ë êº¼ê°™ìŠµë‹ˆë‹¤:D",1
í•œë§ˆë””ë¡œ ì¥°ë§›íƒ±êµ¬ë¦¬????????,1
"ì–¸ì œ ê°€ë„ ë§›, ì„œë¹„ìŠ¤, ë¶„ìœ„ê¸° ëª¨ë‘ ìµœê³ ìž…ë‹ˆë‹¤ ^^ ê°ì‚¬í•©ë‹ˆë‹¤!",1
ì–¸ì œë‚˜ ì¢‹ì•„ìš”..ì„œë¹™ë„ ì™„ì „ ìŠ¤í”¼ë“œ!! ìµì˜¤,1
ì„œë¹„ìŠ¤ì§± ê³ ê¸°ì§± ë˜ê°ˆê±°ì—ìš”,1
"ê³ ê¸°ë„ êµ¬ì›Œì£¼ì‹œê³ , ì°¸ ë§›ìžˆì—ˆìŠµë‹ˆë‹¤",1
ê¹”ë”í•˜ê³  ë§›ìžˆê²Œ ìž˜ë¨¹ì—ˆìŠµë‹ˆë‹¤!,1
ë§›ê³¼ ë¶„ìœ„ê¸°ê°€ ì¢‹ì•˜ìŠµë‹ˆë‹¤~!,1
ê¹”ë”í•´ìš”!,1
ë§›ìž‡ì–´ìš”ìš”ìš©,1
ì •ë§ ë§›ìžˆì–´ìš”ðŸ‘ ê¸°ë³¸ì°¬ë„ ë§Žê³  ì§ì›ë¶„ê»˜ì„œ ë¨¹ê¸° ì¢‹ì€í¬ê¸°ë¡œ íƒ€ì´ë¨¸ì— ë§žì¶° ìž˜êµ¬ì›Œì£¼ì…”ì„œ ì •ë§ ë§›ìžˆê²Œ ìž˜ë¨¹ì—ˆìŠµë‹ˆë‹¤! ë²ˆì°½í•˜ì„¸ìš”~,1
ê³ ê¸°ë§›ìžˆì—ˆê³  ì„œë¹„ìŠ¤ ì¢‹ì•˜ì–´ìš”~,1
ë„¤ì´ë²„ ì˜ˆì•½í–ˆë”ë‹ˆ ì„œë¹„ìŠ¤ê¹Œì§€ ë°›ê³  ì¢‹ì•˜ì–´ìš” ^_^ ì‚¬ëžŒë„ ë§Žì´ ì—†ê³  ê³ ê¸°ë„ ë§›ìžˆì—ˆì–´ìš”!,1
ë§¤ìš° ë§Œì¡±í•´ìš”!,1
ë§Œì¡±í•©ë‹ˆë‹¤,1
ë§›ìžˆìŠµë‹ˆë‹¤. ë”°ë¡œ ì™€ì¸ ì±™ê²¨ê°€ì ¸ê°€ì„œ ë§ˆì…¨ì–´ìš”. ì—¬ê¸° ê³ ê¸°ë„ ê³ ê¸°ì§€ë§Œ ì°¨ëŒë°•ì´ë³¶ìŒë°¥ë„ ë§›ìžˆì—ˆìŒ.,1
ë§›ìžˆê³  ë¶„ìœ„ê¸° ì¢‹ìŠµë‹ˆë‹¤. ìž˜ ë¨¹ì—ˆìŠµë‹ˆë‹¤.,1
ë§›ìž‡ì—‡ì–´ìš”,1
ì¡°ìš©í•˜ë‹ˆ ì¢‹ì•˜ìŠµë‹ˆë‹¤.,1
"ì¢‹ì•˜ìŠµë‹ˆë‹¤
ë‹¤ìŒì—ë„ ì´ìš© ì˜ˆì •ìž…ë‹ˆë‹¤",1
"ë§›ìžˆì—ˆìŒ
ê¹€ì¹˜ë„ ë§›ìžˆê³ ",1
"ì´ë²ˆì´ ë‘ ë²ˆì§¸ ë°©ë¬¸ì´ì—ˆìŠµë‹ˆë‹¤. ê·¼ì²˜ ì£¼ì°¨ìž¥ì— ì£¼ì°¨í•˜ê³  2,000ì›í• ì¸ ì„œë¹„ìŠ¤ëŠ” ì¢‹ì•„ìš”. ì²«ë²ˆì§¸ ë°©ë¬¸ì´ ê´œì°®ì•„ì„œ ë˜ ê°„ê±°ì˜€ëŠ”ë°, ì´ë²ˆì—ëŠ” ë©”ë‰´ê°€ ìž˜ëª» ë‚˜ì™€ì„œ ë‹¤ì‹œ ë°”ê¿”ì£¼ì…¨ëŠ”ë°, ì¡°ë¦¬ ì¦‰ì‹œ ë‚˜ì˜¨ê²Œ ì•„ë‹Œê±´ì§€(?) ë‹¹ë©´ì´ ë‹¤ ë¶ˆì–´ì„œ ëˆŒëŸ¬ë¶™ê³  ë‹­ê°ˆë¹„ì— êµ­ë¬¼ì´ í•˜ë‚˜ë„ ì—†ì–´ì„œ ì—„ì²­ ë»‘ë»‘í•˜ê²Œ ë¨¹ì—ˆì–´ìš”,",0
"ë‹­ê°ˆë¹„ëŠ” 1ì¸ë¶„ì— 9,500ì›.
ë§ˆì¹¨ ë“¤ê³ ë‚˜ê°„ ê°€ë°©ì— í˜„ê¸ˆì´
ì¢€ ìžˆì—ˆëŠ”ë°, í˜„ê¸ˆ ê²°ì œí•˜ë©´
3+1 í˜¹ì€ 4+1ì´ ê°€ëŠ¥í•˜ë‹¤.

ë§›ì€ ë§¤ì½¤í•œ ê±´ ê±°ì˜ ì—†ë‹¤.
ë°ë°ì„ ì‚´ì§ ë²—ì–´ë‚œ ë§¤ì½¤?
ìŒ, ì•„ë¬´íŠ¼ ë§µì§€ëŠ” ì•Šê³ , ê°„ì€ ì ì ˆ.",1
ë‹¹ì¼ë„ì¶•ì´ë¼ëŠ” ë¬¸êµ¬ì— ë¯¿ìŒì´ ê°€ëŠ” ê³±ì´ë‹¤. ëª¨ë“¬êµ¬ì´ì— í•˜ì–€ê°€ë£¨ê°€ ì†”ì†”~ ë¹„ì£¼ì–¼ë¶€í„° ìž…ë§›ì„ ìžê·¹í–ˆë‹¤. íŒŒê¹€ì¹˜. ë¶€ì¶”. ê³±ì°½ì„ íŠ¹ì œ ê°„ìž¥ì†ŒìŠ¤ì— ì°ì–´ ë¨¹ìœ¼ë‹ˆ ë” ì¢‹ì•˜ë‹¤. ì—­ì‹œ ê³±ì€ ì‚¬ëž‘ì´ë‹¤^^,1
ë„¤ì´ë²„ì˜ˆì•½í•˜ê³  ê¸°ë‹¤ë¦¼ì—†ì´ íŽ¸í•˜ê²Œ ì£¼ë¬¸í•˜ë‹ˆ ì™„ì „ì¢‹ìœ¼ë„¤ìš”~  ì €í¬ëŠ” ë¬´ì¡°ê±´ ëª¨ë“¬ìœ¼ë¡œ ~ ì—­ì‹œ ë‹¤ì–‘í•˜ê²Œ ì¦ê¸¸ìˆ˜ ìžˆëŠ” ëª¨ë“¬ì— í›„ì‹ ë¼ë©´ê³¼ ë³¶ìŒë°¥ì€ ì§„ë¦¬ë„¤ìš”. ë§›ë‚œ ê³±ì°½ë¨¹ê³  ì—ë„ˆì§€ ë§Œë•… ì¶©ì „í•˜ê³  ê°‘ë‹ˆë‹¤.,1
"í† ìš”ì¼ ì €ë…ì—ëŠ” ê¼­ í•œìž”ì´ ìƒê°ë‚˜ëŠ”ë° ê°•ë‚¨ì—­ì— ê°€ë©´ ë“¤ë¦¬ëŠ” ê°•ë‚¨ê³±~~ ê³±ì°½ë„ ì •ë§ ëë‚´ì£¼ì§€ë§Œ ëŒ€ì°½ë„ ì™„ì „ ì¡´ë§›ìžëž‘í•˜ëŠ” ê³³..
ë¶ˆí† ë¥¼ ë°°ë¶€ë¥´ê²Œ ìž˜ ë³´ë‚´ê³  ê°”ìŠµë‹ˆë‹¤. ëŒ€ì°½ ë¨¹ìœ¼ëŸ¬ ë˜ ê°ˆê²Œìš”.",1
ì •ë§ ë§›ìžˆê²Œ ìž˜ ë¨¹ì—ˆì–´ìš©!!,1
ëŒ€íŒŒê¹€ì¹˜ì™€ ê³±ì°½ì˜ì¡°í™”ê°€ í™˜ìƒì´ë„¤ìš”. ì •ë§ ëŒì•„ì„œë©´ ìƒê°ë‚˜ëŠ” ë§›ì¸ê±° ê°™ì•„ìš”. ì˜¤ëŠ˜ë„ ë˜ ê°€ê³  ì‹¶ì€ ê³±...ì´ëŸ° ë¯¸ì„¸ë¨¼ì§€ì— ì™¸ì‹ìœ¼ë¡œ ë”±~~~ ê°•ë‚¨ê°€ë©´ ë˜ ë“¤ë¦´ê²Œìš”. ~,1
ë§›ë„ì¢‹ê³  ê³±ì°½ë„ ë¹¨ë¦¬ë‚˜ì˜¤ê³  ìš°ì„  ê³±ì°½ì´ ë„ˆë¬´ ë§›ìžˆì–´ìš”!!,1
íŒŒê¹€ì¹˜ì™€ ê³±ì°½ì˜ ë³„ë¯¸ ë„˜ ë§›ë‚˜ë„¤ìš”~^^,1
"ê¹”ë”í•˜ê³  ë„ˆë¬´ ë§›ìžˆê³  ì¢‹ì•˜ìŠµë‹ˆë‹¤.
ê°•ë‚¨ì—ì„œ ëª¨ìž„í•  ë•Œ ìžì£¼ ê°ˆ ê²ƒ ê°™ì•„ìš” !!",1
ê³±ì°½ í¬ê¸°ë„ í¬ê³  ì–‘ë„ ë‹¤ë¥¸ ê³³ ë³´ë‹¤ ë” ìž˜ë‚˜ì˜¤ëŠ”ê±° ê°™ë„¤ìš” ã…Žã…Ž,1
ë§›ìžˆê³  ë¶„ìœ„ê¸°ë„ ê´œì°®ê³  ë˜ê°ˆë ¤êµ¬ìš¥â™¡,1
ìž˜ë¨¹ê³ ê°‘ë‹ˆë‹¤,1
"ëŒ€ëžµì ìœ¼ë¡œ ë³´í†µì´ì˜€ìŠµë‹ˆë‹¤. ì‚¬ëžŒë“¤ì´ ë„ˆë¬´ ë§Žì•„ì„œ ê·¸ëŸ°ì§€ ì§ì›ë¶„ë“¤ì´ ë§Žì´ ì •ì‹  ì—†ì–´ ë³´ì´ì‹œë„¤ìš”~ 
ê°€ê²©ëŒ€ë¹„ ì„±ëŠ¥ë¹„ëŠ” ê´œì°®ìŠµë‹ˆë‹¤.",1
ì¸í…Œë¦¬ì–´ëž‘ ë¶„ìœ„ê¸°ì— ë¹„í•´ ê°€ê²©ì´ ë„ˆë¬´ ì €ë ´í•´ì„œ ë†€ëžë„¤ìš” ì¹œêµ¬ë“¤í•˜ê³  ì†Œëª¨ìž„ ê°€ì¡ŒëŠ”ë° ì¹œêµ¬ë“¤ë„ ë„ˆë¬´ ë§Œì¡±í•œë‹¤ê³  í–ˆê³  ì €ë„ ë„ˆë¬´ ë§Œì¡±í–ˆìŠµë‹ˆë‹¤~ ë‹¤ìŒì— ë˜ ì´ìš©í• ê²Œìš” ^^,1
"ê³ ê¸°ë„ ë§›ìžˆê³  ë¶ˆíŒë„ ë°”ë¡œë°”ë¡œ ë°”ê¿”ì£¼ì‹œê³ 
ë¬´ì—‡ë³´ë‹¤ ëª¨ìž„ìžë¦¬ì˜€ëŠ”ë° ì¡°ìš©í•œ ìžë¦¬ ìž¡ì•„ì£¼ì…¨ì–´ ì¢‹ì•˜ìŠµë‹ˆë‹¤~",1
ê³ ê¸°ë§›ì€ ê¸°ë³¸ì´ê³  ë°”ì˜ì‹ ë° ì¹œì ˆí•˜ì‹  ì‘ëŒ€ì— ë§¤ìš°. ë§Œì¡±í–ˆìŠµë‹ˆë‹¤ ë‹¤ìŒì— ë‹¤ì‹œ ë°©ë¬¸í•˜ê² ìŠµë‹ˆë‹¤,1
ê°€ê²©ëŒ€ë¹„ ê³ ê¸°ë„ ë§›ìžˆê³  ì§ì›ë„ ì¹œì ˆí•˜ê³  ìš°ë¦¬ê°€ ì¸ì›ì´ ë§Žì•„ ì‹œë„ëŸ¬ìš¸ê¹Œë´ ë£¸ì„ ë¶€íƒë“œë ¸ëŠ”ë° ë£¸ì´ì—†ì–´ ì§€í•˜ë¡œ ìž¡ì•„ì£¼ì…¨ëŠ”ë° ì‚¬ëžŒë„ì—†ê³  íŽ¸í•˜ê²Œ ì–˜ê¸°í• ìˆ˜ìžˆì–´ì„œ ì¢‹ì•˜ì–´ìš”. ë‹¨ì ì€ ì£¼ì°¨ìž¥ì´ì—†ì–´ ì¢€ ë¶ˆíŽ¸í•œë° ë‹´ì—”  ëŒ€ì¤‘êµí†µì„ ì´ìš©í•˜ë ¤ê³ ìš”~~,1
ê·¸ëŸ¬ì €ëŸ­ í–ˆì–´ìš”,1
ë‘ë²ˆì§¸ íšŒì‹ì´ì˜€ëŠ”ë° ì¼í–‰ë“¤ì´ ë¬´ì²™ ë§Œì¡±í•˜ë©´ì„œ ë‹¤ë“¤ ê°•ë‚¨ì—­ì—ì„œ ê¸°ë³¸ì´ íƒ„íƒ„í•œ ì§‘ì´ë¼ ì¹­ì°¬í•˜ë„¤ìš” ë³€í•¨ì—†ëŠ” ìŒì‹ë§› ê°€ê²©ì— ë¹„í•´ ì¹œì ˆí•œ ì‘ëŒ€ ë¶„ìœ„ê¸°ìžˆëŠ” ë§¤ìž¥ ì¶”ì²œí•©ë‹ˆë‹¤,1
ë¶„ìœ„ê¸°ë„ ì¢‹ê³  ê³ ê¸°ë„ ë§›ìžˆê³  ì¢‹ì•˜ìŠµë‹ˆë‹¤.,1
"íšŒì‹ìž¥ì†Œë¡œ ë§¤ìš° ì¢‹ìŠµë‹ˆë‹¤!
ë˜í•œ ë¶„ìœ„ê¸°ë„ ë§¤ìš° ì¢‹ê³  ì¼ë°˜ ê³ ê¹ƒì§‘ê³¼ ë‹¬ë¦¬ ì™€ì¸ë„ í•©ë¦¬ì ìœ¼ë¡œ íŒë§¤ í•˜ê³  ìžˆì–´ì„œ, ì—°ì¸ë“¤ ë°ì´íŠ¸ ì½”ìŠ¤ë¡œë„ ì¢‹ì•„ë´…ë‹ˆë‹¤. ë˜ ë°©ë¬¸í•  ì˜ˆì •ì´ì—ìš”.",1
ì„œë¹„ìŠ¤ë„ ì¢‹ê³  ë§›ë„ ì¢‹ê³  ì¢‹ì€ ì €ë…ì‹ì‚¬ í–ˆìŠµë‹ˆë‹¤.,1
ë§¤ë²ˆì• ìš©í•˜ëŠ”ì‹ë‹¹ìž…ë‹ˆë‹¤. ì´ë²ˆì—ëŠ” ì¸ë‹¹2ì¸ë¶„ì´ìƒ ë¨¹ì—‡ëŠ”ë° ë°°í„°ì§ˆë»”í–ˆë„¤ìš”^^,1
"ì§ì›ì´ ì ì‹¬ì— ë¨¹ì–´ë³´ê³  ì´ë²ˆíšŒì‹ë•Œ ì—¬ê¸° ê°€ìžê³  ì¶”ì§„í•´ì„œ ì˜ˆì•½í•´ë´¤ëŠ”ë°ìš”.
ë„¤ì´ë²„ì˜ˆì•½ë˜ì„œ íŽ¸í–ˆê³  ì„œë¹„ìŠ¤ë„ ì¢‹ì•˜ìŠµë‹ˆë‹¤.
ì§ì›ë“¤ì´ ë§¤ë²ˆ íšŒì‹ ì—¬ê¸°ì„œ í•˜ìžê³ í•˜ë„¤ìš” ã…‹
ë‹¤ìŒ ë‹¤ë¥¸ ëª¨ìž„ë„ ì—¬ê¸°ì„œ í•˜ê³ ì‹¶ì„ì •ë„ë¡œ ë§›, ì„œë¹„ìŠ¤ ë‹¤ ë§Œì¡±ìŠ¤ëŸ¬ìš´ ì‹ì‚¬ì˜€ìŠµë‹ˆë‹¤.
ë²ˆì°½í•˜ì„¸ìš”~",1
"ì¹œêµ¬2ëª… ë°ë¦¬ê³  ê°”ëŠ”ë°,ë‹¤ë“¤ í•µë§Œì¡±!
ìž˜ë¨¹ê³ ê°‘ë‹ˆë‹¤. ì–¼êµ´ë„ ì•Œì•„ë´ì£¼ì‹œê³ ,
ì½˜ìƒëŸ¬ë“œ ë–¨ì–´ì§ˆë•Œë§ˆë‹¤ ê°€ì ¸ë‹¤ì£¼ì…”ì„œ ê³ ë§™!ë‹¤ìŒ ëª¨ìž„ë„ ì—¬ê¸°ì„œ í•˜ê¸°ë¡œ~",1
"ë§Žì€ ê´‘ê³ ë“¤ê³¼ í˜¸í‰ì— ë¹„í•´ ì•„ì‰¬ì› ë‹¤.

1. ë„¤ì´ë²„ ì˜ˆì‹ì‹œ ì œê³µë˜ëŠ” ëƒ‰ë©´ì€ ì œê³µë˜ì§€ ì•Šì•˜ë‹¤. ë¬¼ë¡  ë‹¬ë¼ê³  ì´ì•¼ê¸°ë¥¼ í•˜ì§€ ì•Šì•˜ìœ¼ë‚˜, ì¤€ë‹¤ê³ ë„ í•˜ì§€ ì•Ÿì•˜ë‹¤.

2.ìƒê°ˆë¹„ê°€ ë‹¤ë¥¸ê°€ê²Œì˜ ì–‘ë…ê°ˆë¹„ë§Œí¼ ì§œê³  ê°„ì´ë˜ì–´ ìžˆë‹¤. ë°”ë¡œ ê³ ê¸°ë¥¼ ë°œë¼ë‚´ëŠ”ê³³ì´ ë³´ì´ëŠ”ë°, ë°”ë¡œ ë°”ë¥¸ ê³ ê¸°ê°€ ì–´ë–»ê²Œ ì–‘ë…ë§›ì´ ë‚˜ëŠ”ì§€ëŠ” ì´í•´ ë¶ˆê°€.

3.ì„œë¹„ìŠ¤ëŠ” ë§¤ìš°ë§Œì¡±. ì§ì›ë“¤ì€ ì¹œì ˆí•˜ê³  ì¸ì‚¬ë„ ìž˜í•˜ê³  ìž˜ì±™ê²¨ì£¼ì—ˆë‹¤.

ì—¬ìžì¹œêµ¬ì™€ ë‘˜ì´ì„œ 11ë§Œì›ì˜ ë¹„ìš©ì„ ë‚´ê³  ì‹ì‚¬ë¥¼ í–ˆìœ¼ë‚˜ ìž¬ë°©ë¬¸ì˜ì‚¬ëŠ” ì—†ë‹¤.",0
ì¡´ë§›íƒ±!! ë˜ê°€ê³ ì‹¶ì–´ìš”,1
ë§› ì„œë¹„ìŠ¤ ëª¨ë‘ì¢‹ì•„ìš”,1
ëª¨ìž„ë•Œë§ˆë‹¤ ë°©ë¬¸í•©ë‹ˆë‹¤. ë§›ì€ ë§í• ê²ƒë„ ì—†ê³ ^^ ìµœê³ ì˜ ìž¥ì†Œìž…ë‹ˆë‹¤.,1
"ë§› ì¢‹ìŒ
ë¹„ìš© 100g ë‹¹ 2ë§Œì›ìœ¼ë¡œ ë¹„ìŒˆ
ìœ„ì¹˜ ì¢‹ìŒ
ì£¼ì°¨ ë¬´ë£Œê°€ëŠ¥
ë¶„ìœ„ê¸° ë³„ë„ë£¸ì´ ì—†ì–´ ë‹¤ì†Œ ì •ì‹ ì—†ìŒ
ë©”ë‰´ì¢…ë¥˜ ê°ˆë¹„ í•œì¢…ë¥˜ì—¬ì„œ ì•„ì‰¬ì›€

íŽ¸í•œì‚¬ëžŒë“¤ê³¼ ëˆ ì¢€ ì£¼ê³  ë§›ìžˆê²Œ ë¨¹ê³ ì‹¶ë‹¤ í•˜ë©´ ê´œì°®ì•„ìš”, ì–‘ë…ê°ˆë¹„ ë§›ì€ ì¡°ê¸ˆ ì•½í•¨
ëƒ‰ë©´ì€ ë„ˆë¬´ ì§°ìŒ
ëœìž¥ì£½ í•µë§›ìžˆì—ˆë‘ ",1
ë¶„ìœ„ê¸°ë„ ì¢‹ê³  ë§›ë„ ìžˆê³  ì¢‹ì•˜ìŠµë‹ˆë‹¤~,1
ë¶„ìœ„ê¸°ë„ ì¢‹ê³  ê³ ê¸°ë„ ë§›ìžˆë„¤ìš”!!,1
ì§€ì¸ë“¤ ì˜ˆì•½í•´ì¤¬ëŠ”ë° ë§¤ìš° ë§›ìžˆì—ˆë‹¤í•©ë‹ˆë‹¤,1
ê³ ê¸° ë§›ìžˆê³  ë°‘ë°˜ì°¬ë“¤ë„ ë‹¤ ë§›ìžˆì–´ìš”  íŒŒë¬´ì¹¨ ì§±ì§± ìˆ¯ë¶ˆì— êµ½ëŠ”ê±´ë°ë„ ê°€ê²Œì— ì—°ê¸°ê°€ ì—†ì´ ê¹”ë”í•´ì„œ ì¢‹ì•„ìš” ëŒ€ì‹  ë°˜ë°˜ëƒ‰ë©´ì´ ë„˜ ë¿”ì–´ì”€...íŒ…íŒ…..íƒ±íƒ±... ë°˜ë°˜ë–¡..,1
ê³ ê¸°ê°€ ìƒìƒí•˜ë‹ˆ ì¢‹ì•˜ì–´ìš”,1
"ê³ ê¸°ë„ ë§›ìžˆê³  ë¶„ìœ„ê¸°ë„ ì¢€ìžˆê³  ì¢‹ì•˜ìŠµë‹ˆë‹¤.
ê·¼ë° ì§ì›ë¶„ë“¤ì´ ë°”ë¹ ì„œ ê·¸ëŸ°ì§€(ì œê°€ë³´ê¸°ì— ë§Žì´ ë°”ë¹ ë³´ì´ì§„ì•Šì•˜ëŠ”ë°) ê°„ë‹¨í•œ ì£¼ë¬¸ë„ 3~4ë²ˆì”© ë¶ˆëŸ¬ì•¼ì§€ í•´ì£¼ì‹œë”ë¼ê³ ìš”..
ì„œë¹„ìŠ¤ì ì¸ ë¶€ë¶„ë§Œ ë³´ê°•í•´ì£¼ì‹œë©´ 5ì ì´ ë ê±°ê°™ìŠµë‹ˆë‹¤",1
"ì˜¤ê²¹ì‚´ ì™„ì „ ë‘íˆ¼í•˜ê³  ë§›ìžˆë„¤ìš”
ì¸í…Œë¦¬ì–´ë„ ë¶„ìœ„ê¸° ìžˆì–´ì„œ ë°ì´íŠ¸í•˜ê¸°ë„ ì¢‹ì„ê±° ê°™ì•„ìš”
ì¸ìŠ¤íƒ€ ì˜¬ë¦¬ê³  ê»ë°ê¸° ì„œë¹„ìŠ¤ ë°›ì•˜ëŠ”ë° ê·¸ê²ƒë„ ì§±ë§›!",1
"ë¼ì§€ê³ ê¸° í•œ íŒ(1.2kg)? ì‹œì¼œì„œ ë¨¹ì—ˆëŠ”ë° ê°ˆë§¤ê¸°ì‚´ì´ ì¡°ê¸ˆ ì§ˆê²¼ì–´ìš”. ê·¸ë¦¬ê³  ì´ˆë°˜ì—ëŠ” ê³ ê¸°ë¥¼ êµ¬ì›Œì£¼ì‹œë‹¤ê°€ ë‚˜ì¤‘ì— 900gì§œë¦¬ ì‹œì¼°ì„ë• ì•ˆ êµ¬ì›Œì£¼ì‹œë”ë¼êµ¬ìš”. ë‹¤ ì•Œë°”ìƒë“¤ì¸ê±´ ì•Œì§€ë§Œ ê³ ê¸° êµ¬ì›Œì£¼ëŠ”ê²Œ ì„±ì˜ì—†ê²Œ ëŠê»´ì¡ŒìŠµë‹ˆë‹¤. ë˜, ìƒì— ë°˜ì°¬ì´ ê°€ê²©ëŒ€ë¹„ ì¢€ ë¶€ì‹¤í–ˆìŠµë‹ˆë‹¤. ê·¸ëž˜ë„ ì˜¤ê²¹ì€ ì§„ì§œ ë§›ìžˆì—ˆì–´ìš”.",0
ì „ì²´ì ìœ¼ë¡œ ë§Œì¡±í•˜ë©° ë¨¹ì—ˆìŠµë‹ˆë‹¤!,1
ì •ë§ë§›ìž‡ê³  ì¢‹ìŠµë‹ˆë‹¤.,1
ë§›ìžˆì–´ìš”!!,1
ë•ë¶„ì— íŽ¸í•˜ê²Œ íšŒì‹í•˜ê³  ë§›ìžˆê²Œ ë¨¹ì—ˆìŠµë‹ˆë‹¤~,1
"ë§¤ìš° ë§›ìžˆì—ˆì–´ìš”
ì¶”ì²œí•©ë‹ˆë‹¤",1
ì¹œì ˆí•˜ê²Œ ë¨¹ê¸° ì¢‹ê²Œ ë‹¤ êµ¬ì›Œì£¼ì‹œê³  ì„œë¹„ìŠ¤ë„ ë„ˆë¬´ ì¢‹ì•˜ìŠµë‹ˆë‹¤!,1
ë§›ìžˆì—ˆì–´ìš” ã… ã… ã… ã… ã… ã…  ë˜ ê°ˆê±°ì—ìš”...,1
"ë„˜ì‚¬ëžŒì´ ë§Žì•„ì„œì¸ì§€ ê³ ê¸°ë„ ì•ˆì˜¤ê³  ê·¸ëž¬ìœ¼ë‚˜
ë¬µì€ì§€ê°€ ì—„ì²­ë‚˜ì„œ ìš©ì„œí•¨^^",0
ëŒ€ë§Œì¡±í–ˆì–´ìš”!!! ì¼ë³¸ì¸ ì¶œìž¥ìžë“¤ì´ ê°ë™í–ˆë‹¤ë„¤ìš”. ê³ ê¸° ë‹¤ êµ¬ì›Œì£¼ì‹œê³  ì—¬ëŸ¬ê°€ì§€ ì‚¼í•©ìœ¼ë¡œ ì¡°í•©í•´ì„œ ê°ìž ê·¸ë¦‡ì— ë†”ì£¼ì‹œê³ ! ë„ˆë¬´ ì¢‹ì•„ìš”!,1
ë§›ìžˆì–´ìš”! ì°¨ëŒì‚¼í•© ì¶”ì²œí•´ìš”,1
ìŒì‹ì€ ë„ˆë¬´ ì¢‹ì•„ìš”. ë‹¤ë§Œ í™˜ê¸°ê°€...,1
ë§›ìžˆìŠµë‹ˆë‹¤. ë‹¤ë§Œ í™˜ê¸°ëŠ” ìž˜ ë˜ì§€ ì•Šì•„ìš”.,1
ì—­ì‹œ ë§›ìžˆì—ˆì–´ìš”~,1
ê³ ê¸°ëŠ” ë§›ìžˆì—ˆëŠ”ë° ì¡°ìš©í•˜ì§„ ì•Šì•˜ë„¤ìš”ã…‹ã…‹,1
ê³ ê¸°ê°€ ì§± ë§›ìžˆì–´ìš”,1
ìµœê·¼ ë¨¹ì€ ê³ ê¸°ì¤‘ì— íƒ‘ìž…ë‹ˆë‹¤ ê³ ê¸° ì§„ì§œ ë§›ìžˆì–´ìš”..,1
ë§›ì´ ìžˆìŠµë‹ˆë‹¤ ê°€ë³´ì„¸ìš”,1
ë§›ìžˆì–´ìš”~,1
ì¾Œì í•˜ê³  ê¹”ë”í•œ ê³³ìž…ë‹ˆë‹¤,1
ì§ì›ë¶„ë“¤ ëª¨ë‘ ì¹œì ˆí•˜ì‹œê³  ê³ ê¸°ë„ ì‹ ì„ í•˜ê³ .,1
ì €í¬ë„ íšŒì‹ì´ì—ˆëŠ”ë° ë‹¤ë¥¸ íšŒì‚¬ì—ì„œ ì‚¬ìš©í•˜ì‹œë˜ ì†Œì£¼ ìž¬ê³ (ìœ„ì— íƒ€ íšŒì‚¬ ì´ë¦„ ìŠ¤í‹°ì»¤..) ì£¼ì‹œê³ ... ë¹„ê³„ë©ì–´ë¦¬ ì‚¼ê²¹ê°€ì ¸ì˜¤ì…”ì„œ ë°”ê¿”ë‹¬ë¼ë„ í–ˆë”ë‹ˆ ê·¸ëŸ¼ ì‚¼ê²¹ ë§ê³  ëª©ì‚´ë¨¹ìœ¼ë¼ê³  ì§œì¦ë‚´ì‹œê³ .. ì•„ì‰½ë„¤ìš” í•œë‘ë²ˆ ê°€ëŠ”ê²Œ ì•„ë‹Œë°,0
í•­ìƒ ë§Œì¡±í•˜ëŠ” êµ¬ì´ ì „ë¬¸ì  ìž…ë‹ˆë‹¤,1
ì˜ˆì•½ë˜ì„œ ì¢‹ì•˜ê³  ìž˜ë¨¹ê³  ê°‘ë‹ˆë‹¤ ã…Žã…Ž,1
ë§›ê³¼ ê°€ê²© êµ¿ì´ë„¤ìš”,1
"ì¡´ë§›!! ì—¬ê¸°ë¡œ ì˜ˆì•½í•œ ê³¼ê±°ì˜ ë‚˜ ê²ë‚˜ ì¹­ì°¬í•¨! 
ì§„ì‹¬ ë„ˆë¬´ë„ˆë¬´ ë§›ìžˆì—ˆìŒ!! ê°œì¸ì ìœ¼ë¡œ ë§‰ì°½ í¬ì—ë²„â˜†
ðŸ‘ðŸ‘ðŸ‘ðŸ‘ðŸ‘ðŸ‘ðŸ‘",1
ê°€ì„±ë¹„ê°€ ì¢‹ìŠµë‹ˆë‹¤. ê³±ì°½ì´ êµ­ì‚°ì´ë¼ ê·¸ëŸ°ì§€ ëƒ„ìƒˆë„ ì•ˆ ë‚˜ê³  ë§›ìžˆê²Œ ìž˜ ë¨¹ì—ˆìŠµë‹ˆë‹¤. ë³¶ìŒë°¥ë„ ë§›ìžˆì—ˆì–´ìš”^^,1
"ì´ˆë²Œ ê°œì˜¤ëž˜ê±¸ë¦¬ëŠ”ë° ì´ˆë²Œ 1ë„ ì•ˆë˜ì„œ ì˜´. ì£¼ë¬¸ì•ˆë“¤ì–´ê°”ëŠ”ë° ì–¸ì œ ë‚˜ì˜¤ëƒê³ í•´ì„œ í•‘ê³„ëŒ„ê±´ê°€ ì‹¶ì„ì •ë„ë¡œ.
ì†ë‹˜ ìƒ ì¼€ì–´ë„ ë„ˆë¬´ ì•ˆë¨. ì²˜ìŒì— ìž˜ë¼ì£¼ë©´ì„œ ë­˜ë¨¼ì € ë¨¹ìœ¼ë¼ê±°ë‚˜ ì–¼ë§ˆë‚˜ ë” êµ¬ìš°ë¼ëŠ” ë“± ë©˜íŠ¸ í•˜ë‚˜ë„ ì—†ê³ , ì§ì ‘ ìƒíƒœì²´í¬í•˜ë©´ì„œ êµ¬ì›Œì£¼ê±°ë‚˜ ë­ ì–´ë–¤ ê²ƒë„ ì—†ì—‡ìŒ. ì• ì´ˆì— ìž˜ë¼ì£¼ê³  ë§›ìžˆê²Œë“œì„¸ìš” ë¼ê±°ë‚˜ ê·¸ëƒ¥ ë§í•œë§ˆë””ë¼ë„ í•˜ë©´ ì•Œì•„ì„œ êµ¬ì›Œë¨¹ì—ˆì„í…ë° ì´ë„ì €ë„ì•„ë‹ˆë¼ ì§„ì§œ ì§œì¦ë‚¬ìŒ. ì—¬ê¸°ì €ê¸° ê³±ì°½ì§‘ ë§Žì´ ê°”ëŠ”ë° ì§„ì§œ ì§ì›ë“¤ ì •ì‹ ì—†ê³  ë¶ˆì¹œì ˆí•¨. í…Œì´ë¸” ëŒ€ë¹„ ì£¼ë°©/í™€ ì§ì› ì „ë¶€ ë­˜ ë‹¬ë¼ê³ í•˜ë©´ ê¸°ë³¸ 10ë¶„ì´ìƒ ê±¸ë¦¼. 2~3ë²ˆì”© ì–¸ì œë‚˜ì˜¤ëƒê³  ë¬¼ì–´ë´ì•¼í•˜ê³ , ì•Œì•„ë³¸ë‹¤ê³ í•˜ê³  ë‹¤ì‹œ ì™€ì„œ ë‹µì„ ì•ˆì¤Œ ë˜ ë¬¼ì–´ë´ì•¼í•¨^^;; ë‹¤ì‹œëŠ” ì•ˆê°ˆë“¯.",0
"í•œìš°ê³±ì°½ëª¨ë“¬~ ìˆ ì´ ìˆ ìˆ  ë„˜ì–´ê°€ëŠ” ë§›ì´ì˜€ì–´ìš”. 
ì§€ì¸ë“¤ê³¼ í•¨ê»˜ ê°ˆë§Œí•œ ê³³.",1
ì•„ì£¼ ë§›ìžˆì–´ìš”. ë¨¹ëŠ” í™˜ê²½ë„ ì¾Œì í•œ íŽ¸ìž…ë‹ˆë‹¤.,1
ì¢‹ì€ë° ì¢…ì—…ì›ì´ ë„ˆë¬´ ì ì–´ìš”,0
ì˜ˆì•½í• ë•Œ ìš”ì²­í•œëŒ€ë¡œ ì‹œì›í•œ ìžë¦¬ì— ë°°ì¹˜í•´ì£¼ì…”ì„œ ê¸°ë¶„ ì¢‹ì•˜ìœ¼ë©° ìŒì‹ë„ ë„ˆë¬´ ë§›ìžˆì—ˆìŠµë‹ˆë‹¤. ìž¬ë°©ë¬¸í•˜ê³ ì‹¶ì€ ê³³,1
"ê³±ì°½ë¶ì´ì¼ì–´ì„œ ê·¸ëŸ°ê°€... ê°„ ì²œì—½ì´ ë‹¤ ë–¨ì–´ì§€ê³  ë¬´í•œë¦¬í•„ë„ ì•ˆëœë‹¤ê³  í•˜ë”ì´ë‹¤..
ê·¸ëž˜ë„ ë§›ìžˆì—ˆì–´ìš” ë°”ë¹ ì„œ ê·¸ëŸ°ì§€ ì§ì›ë“¤í‘œì •ì´ íž˜ë“¤ì–´ë³´ì˜€ìŒ",1
ì˜ˆì•½í•˜ê³  ê°”ë”ë‹ˆ ë°”ì  ì‹œê°„ì—ë„ íŽ¸í•œ ìžë¦¬ë¡œ ë°›ì•„ì„œ ë¨¹ì„ ìˆ˜ ìžˆì—ˆì–´ìš”~ ë§›ë„ ìžˆì—ˆêµ¬ìš”! ë‹¤ë§Œ ì•ˆì´ ì‹œë„ëŸ¬ìš´íŽ¸ì¸ë° ë²¨ì´ ì—†ì–´ì„œ ë­”ê°€ ìš”ì²­í•˜ê¸°ë„ íž˜ë“¤ê³  ìš”ì²­í•´ë„ ë°”ë¡œ í”¼ë“œë°± ë°›ê¸°ëŠ” íž˜ë“¤ì–´ìš”ã… ã…  ë§›ì´ë‚˜ ë‚´ë¶€ëŠ” ì¢‹ì•˜ëŠ”ë° ê·¸ëŸ° ì ì´ ì•„ì‰¬ì› ì–´ìš”,1
ê³ ê¸°í€„ëŸ¬í‹°ë„ ì¢‹ê³  ì•„ì£¼ ì¦ê±°ìš´ ì‹ì‚¬ë¥¼ í–ˆìŠµë‹ˆë‹¤. ì¡°ìš©í•œ ê°€ì¡±ëª¨ìž„ì— ì¢‹ì„ ë“¯ í•©ë‹ˆë‹¤. ê·¸ë¦¬ê³  ìœ¡íšŒëŠ” ìŠ´ìŠ´í•œ ì–‘ë…ìœ¼ë¡œ ë°”ê¿¨ë˜ë° ìž…ë§›ì— ì•„ì£¼ ìž˜ ë§žì•˜ì–´ìš”. ëŠ˜ ê°ì‚¬ë“œë¦½ë‹ˆë‹¤.,1
"í›„ê¸°ëŠ” ì²˜ìŒ ë‚¨ê¸°ë„¤ìš”
ë°”ì ë•ŒëŠ” ê³ ê¸°ë„ ì§ì ‘ êµ¬ì›Œì•¼í•˜ê³  ì£¼ë¬¸ë„ ëŠ¦ê²Œ ë‚˜ì˜¤ì§€ë§Œ ë¶ˆíŽ¸í•¨ ëŠë‚€ì  ì—†ì–´ìš” 
ê·¸ì´ìƒì˜ ë§›ê³¼ í’ˆì§ˆë¡œ ëŠ˜ ë‹¤ì‹œ ì°¾ê²Œ ë©ë‹ˆë‹¤!",1
ê³ ê¸° ì§ˆì€ ì¢‹ì•˜ìŠµë‹ˆë‹¤. ë‹¤ë§Œ ì¢…ì—…ì› ë¶„ë“¤ì˜ ì‘ëŒ€ê°€ ëŠë¦¬ê³  ì§€ë‚œë²ˆì—” ê³ ê¸°ë¥¼ ì§ì ‘ êµ¬ì›Œì£¼ì‹œê¸°ë„ í–ˆë˜ê²ƒ ê°™ì€ë° ì´ë²ˆì—” ì•ˆ êµ¬ì›Œì£¼ì‹œë”ë¼êµ¬ìš”. ë¬¼ì–´ë³´ë‹ˆ ì†ë‹˜ì´ ëª°ë ¤ì„œ ë°”ë¹ ì„œ ê·¸ëž¬ë‹¤ê³  í•˜ì‹œëŠ”ë° ì‹ë‹¹ì—” ì €í¬ ë§ê³  ë‘íŒ€ì¸ê°€ë§Œ ë” ìžˆì—ˆëŠ”ë° ì–¼ë§ˆë‚˜ ë°”ì˜ì…¨ë˜ê±´ì§€ ëª¨ë¥´ê² ìŠµë‹ˆë‹¤. ê°€ê²©ì— ë¹„í•´ ì„œë¹„ìŠ¤ëŠ” ë†’ì€ ì ìˆ˜ëŠ” ëª» ì£¼ê² ë„¤ìš”,0
ëŠ˜ ë§Œì¡±ìŠ¤ëŸ° ì‘ëŒ€ì— ê°ì‚¬í•©ë‹ˆë‹¤.,1
"ìžì£¼ ê°€ëŠ”ê³³ì¸ë° ì¹œì ˆí•˜ê³  ë§›ì´ ì¢‹ì€ ì§‘ìž…ë‹ˆë‹¤
ê°€ì„±ë¹„ ì¢‹ê³  ëª¨ìž„í•˜ê¸° ì¢‹ì€  ë§›ì¢‹ì€ ì§‘  
í•¨ ê°€ë³´ì‹œê¸¸ ì¶”ì²œí•©ë‹ˆë‹¤^~^",1
ì¶”ì›Ÿì–´ìš” ê³ ê¸° ì™¸ì—ëŠ” ë³„ë¡œì—ìš”..,0
"ê³ ê¸°ì§ˆê³¼ ìœ¡ì „ì€ ì¢‹ë‹¤.ë‹¤ë§Œ í•œìš°ì†ë‹˜ ë¼ì§€ê³ ê¸° ì†ë‹˜ì„ ì°¨ë³„í•œë‹¤(ë¼ì§€ì†ë‹˜ì€ ì£¼ì°¨ë¶ˆê°€.ë„¤ì´ë²„ì˜ˆì•½ì‹œ ì•½ì†í•œ ê°„ìž¥ê²Œìž¥.ë³´ë¦¬êµ´ë¹„ë¥¼ ë¼ì§€ì†ë‹˜ì€ ì£¼ì§€ ì•ŠëŠ”ë‹¤-ì˜ˆì•½ì •ë³´ì— ë¼ì§€ì†ë‹˜ì€ ì„œë¹„ìŠ¤ ì—†ë‹¤ëŠ”ê±¸ ëª…ì‹œí•´ì„œ ë‚šì´ëŠ” ì†ë‹˜ì€ ì—†ì–´ì•¼ ëœë‹¤ê³  ìƒê°í•œë‹¤)
ë¶ˆíŒì´ ê²€ëŒ•ì´ê°€ ìžˆì–´ êµì²´ë¥¼ í–ˆëŠ”ë° ë˜‘ê°™ì€ ê²ƒì´ ë˜ ë‚˜ì™€ í•˜ëŠ”ìˆ˜ ì—†ì´ ë‚´ê°€ ë¶ˆíŒì„ íœ´ì§€ë¡œ ë‹¦ê³  ê³ ê¸°ë¥¼ êµ¬ì›Œ ë¨¹ì—ˆë‹¤.
ëª…ì„±ì— ê±¸ë§žì§€ ì•Šì€ ì ë¡€ë„¤ë‹¤.",0
ì§ì ‘ êµ¬ì›Œì£¼ì‹œê³  ì§„ì§œë§›ìžˆìŒ. ë°˜ì°¬ë„ ë§›ìžˆìŒ. ì§ì›ë¶„ì´ ì¹œì ˆí•˜ê²Œ ìž˜í•´ì£¼ì‹œë„¤ìš”,1
ì¹œì ˆí•˜ê²Œ ì„œë¹™í•´ì£¼ì‹œê³  ìŒì‹ë„ ì±™ê²¨ì£¼ì…¨ì–´ìš” ã…Ž,1
"ê°•ë‚¨ì—­ ì ë¡€ë„¤ ë°©ë¬¸
ìœ¡íšŒë¹„ë¹”ë°¥ì€ ë§›ìžˆì—ˆë‹¹
ë¼ˆì‚¼ê²¹ë„ ë§›ìžˆì—ˆë‹¤

ë‹¤ë§Œ ë¶€ì‚°ë³¸ì ì´ëž‘ì€ ì¢€ í‹€ë¦¼ ã…œã…œ",1
"ì–¸ì œê°€ë„ ë§›ìžˆëŠ” ì˜ë™ì¡±ë°œ!
3í˜¸ì ì´ ì œì¼ ì¹œì ˆí•œ ê²ƒ ê°™ì•„ìš”
ë¯¸ë¦¬ ì˜ˆì•½í•˜ê³  ê°€ë‹ˆ ê¸°ë‹¤ë¦¬ì§€ ì•Šì•„ë„ ë˜ì„œ ë„ˆë¬´ ì¢‹ì•˜ì–´ìš”
ê¹€ì¹˜ì „ë„ ë§›ìžˆê³  ë§‰êµ­ìˆ˜ë„ ë§›ìžˆì–´ìš”
ì–´ì œ ë‹¤ë…€ì™”ì§€ë§Œ ì˜¤ëŠ˜ ë˜ ê°€ê³  ì‹¶ë„¤ìš” ã…Žã…Ž",1
ì‹œë„ëŸ¬ìš´ê±° ë¹¼ê³¤ ì¢‹ì•˜ì–´ìš”,1
"ì¹´ìš´í„° ìžˆëŠ” ë‚¨ìžë¶„ë“¤ì˜ ê³ ê° ëŒ€ì‘ ìµœì•… ì†ë‹˜ì´ ë„˜ ë§Žì•„ì„œ ì§œì¦ë‚˜ëŠ”ë“¯ 
ì¡±ë°œì€ ê´œì°¬ì€ íŽ¸.  ë§‰êµ­ìˆ˜ëŠ” ê³¼í•˜ê²Œ ë§µê³  ë§›ì€ ë³„ë¡œ",0
ì–¸ì œë‚˜ ë¨¹ì–´ë„ ë§›ìžˆì–´ìš”ã…Ž,1
ë§›ìžˆì–´ìš” ì¡±ë°œ,1
ì¡±ë°œ ë§›ìžˆì—ˆêµ¬ìš”...(ì œ ìž…ì— ì˜ë™ì¡±ë°œì€ ë‹¤ ì¢€ ë‹¬ì§€ë§Œ ê·¸ëž˜ë„ ì«„ê¹ƒì«„ê¹ƒ ì¢‹ì•„ìš”) ì¼í•˜ì‹œëŠ” ì•„ì£¼ë¨¸ë‹ˆê»˜ì„œ ë„˜ ì¹œì ˆí•˜ì…”ì„œ ê¸°ë¶„ ì¢‹ê²Œ ë¨¹ê³  ì™”ìŠµë‹ˆë‹¤. ê³„ëž€ì°œì´ëž‘ ë‘ë¶€ê¹€ì¹˜ëŠ” ì²˜ìŒ ë¨¹ì–´ë´¤ëŠ”ë° ì´ ì‚¬ì´ë“œ ë©”ë‰´ ë‘˜ë„ ë‹¤ ë§›ë‚¬ì–´ìš”!,1
"ê¹”ë”í•˜ê³  ì£¼ë¬¸í•œ ìŒì‹ì´ ë¹¨ë¦¬ ë‚˜ì™”ì–´ìš”
ì´ëª¨ë‹˜ì´ ì‹¤ìˆ˜í•´ì„œ ë§‰êµ­ìˆ˜ê°€ ëŠ¦ê²Œ ë‚˜ì™”ì§€ë§Œ ëŒ€ì²´ë¡œ ë¹¨ë¦¬ ì…‹íŒ…í•´ì£¼ì‹¬",1
ë§›ë‚˜ê²Œ ìž˜ ë¨¹ì—ˆìŠµë‹ˆë‹¤,1
"ë„ˆë¬´ ë§›ìžˆê²Œ ìž˜ ë¨¹ì—ˆìŠµë‹ˆë‹¤~~
ë‹¤ë§Œ ì¢€ ì‹œë„ëŸ¬ì›Œì„œ ëŒ€í™”ë¥¼ í•  ìˆ˜ ì—†ë‹¤ëŠ”ê²Œ 
ì•„ì‰½ì§€ë§Œ ë§›ìžˆìœ¼ë‹ˆ ^^;
ë‹¤ìŒì—” í¬ìž¥ë„ í•´ë³´ë ¤êµ¬ìš”~",1
ë§›ì§‘ì´ ë§žê¸´í•œê°€ ë´…ë‹ˆë‹¤ í•œê³¨ëª©ì•ˆì— 1.2.3.4í˜¸ê¹Œì§€~ ì‚¬ëžŒì´ ë°”ê¸€ë°”ê¸€ í•˜ê³  ì¤„ì´ ì­‰ ì„œ ìžˆì–´ìš” ë§›ì€ ë­ ê·¸ëŸ°ê°€ë³´ë‹¤ í•˜ëŠ”ë° ì„œë¹„ìŠ¤ê°€ ì§„ì§œ ì†ë‹˜ì— ë‹¤í•œ ì˜ˆì˜ê°€ ì—†ë‹¬ê¹Œ ì°¸ ë‚´ëˆì£¼ê³  ë¨¹ìœ¼ë©´ì„œë„ ê¸°ë¶„ ë‚˜ìœ ã… ã…  ì „ ë‹¤ì‹  ì•ˆê°€ë µë‹ˆë‹¤,0
"ì§„ì§œ ë§›ìž‡ê³ , ì„œë¹„ìŠ¤ë“¤ë„ ê´œì°®ì•˜ì–´ìš” ã…‹ã…‹ 
ë‹¤ìŒì´ ì¹œêµ¬ë“¤ ëª¨ìž„ ìžˆì„ë•Œ ë˜ ë°©ë¬¸í•  ì˜ˆì •ìž…ë‹ˆë‹¤. ì˜ˆì•½ì€ í•„ìˆ˜ìž…ë‹ˆë‹¤ ã…‹ã…‹",1
ë‹¤ë¥¸ ê³ ê¹ƒì§‘ê³¼ í° ì°¨ì´ëŠ” ëª» ëŠë¼ê² ì–´ìš” ê·¸ëƒ¥ í‰ë²”í•œ ìˆ˜ì¤€,0
ë§ì´ í•„ìš”ì—†ëŠ” ê³ ê¹ƒì§‘ì¸ê²ƒê°™ì•„ìš”! ì œê°€ ë„˜ë„˜ ì¢‹ì•„í•˜ëŠ” ì§‘~ã…‹ ì‚¬ëŠ”ê³³ì—ì„œ ê·¸ë¦¬ ê°€ê¹ì§€ì•Šì€ë°ë„ ê³ ê¸°ë¨¹ìœ¼ëŸ¬ê°€ë©´ ê¼­ íƒë¼ë„ì•¼ì§€ë¡œ ê°€ê²Œ ë˜ëŠ”ê²ƒ ê°™ì•„ìš”.. ì˜¤ëŠ˜ë„ ìž˜ ë¨¹ê³  ê°‘ë‹ˆë‹¹^^ ë˜ ì˜¬ê»˜ìš”~~,1
"í•­ìƒ ë§›ìžˆê²Œ ìž˜ ë¨¹ìŠµë‹ˆë‹¤.
ì‚¼ê²¹ì‚´ ë•¡ê¸¸ ë•Œë„ ê°€ì§€ë§Œ, ì—¬ëŸ¬ê°€ì§€ ìŒì‹ ë¨¹ê³  ì‹¶ì„ ë•Œ ê°€ë©´ ë°‘ë°˜ì°¬ ë‹¤ ë§›ìžˆê³  ê·¸ëž˜ì„œ ë¶€íŽ˜ ë¨¹ê³  ë‚˜ì˜¨ ëŠë‚Œìž…ë‹ˆë‹¤. ë§›ìžˆê²Œ ìž˜ ë¨¹ì—ˆìŠµë‹ˆë‹¤!",1
ì•„ì£¼ì•„ì£¼ ë§›ë‚˜ë„¤ìš”. ìž‘ë…„ì— ì œì£¼ë„ ì• ì›”ì—ì„œ ë¨¹ì€ ë§› ê·¸ëŒ€ë¡œë„¤ìš”^^,1
"ì‚¬ìž¥ë‹˜ì´ë‚˜ ì§ì›ë¶„ë“¤ ëª¨ë‘ ë„ˆë¬´ ì¹œì ˆí•˜ì„¸ìš”!!
ì•„ì´ìŠ¤í¬ë¦¼ì„œë¹„ìŠ¤ë„ ë§›ìžˆêµ¬ìš”^^
ë‹¤ë§Œ ì§€í•˜ê°€ í™˜ê¸°ê°€ ìž˜ ì•ˆë¼ì„œ ëˆˆì´ ì¢€ ë”°ê°€ì› ì–´ìš”ã… ã…  ëƒ„ìƒˆì— ë¯¼ê°í•˜ì‹œê±°ë‚˜ í†µí’ì´ ìž˜ ë˜ëŠ” ê³³ìœ¼ë¡œ ê°€ì‹œë ¤ë©´ ì§€í•˜ë³´ë‹¤ ìœ—ì¸µì´ ë‚˜ì„ê²ƒê°™ì•„ìš”!! ì˜·ì´ë‚˜ ê°€ë°©ì„ ë„£ëŠ” ë¹„ë‹ë„ ì£¼ì…”ì„œ ëƒ„ìƒˆë„ ì•ˆë‚˜ê³  ì¢‹ì•˜ì–´ìš”! ê·¸ë¦¬ê³  íšŒì‚¬ íšŒì‹ì¸ë° ì œê°€ ë§‰ë‚´ì´ë‹¤ë³´ë‹ˆ ê³ ê¸°ë¥¼ êµ¬ì›Œì•¼í•˜ëŠ” ë¶€ë‹´ì´ ëŠ˜ ìžˆëŠ”ë° ì§ì›ë¶„ë“¤ì´ ë‹¤ êµ¬ì›Œì£¼ì…”ì„œ ë„ˆë¬´ ì¢‹ì•˜ì–´ìš”!!ã…‹ã…‹ê°ì‚¬í•©ë‹ˆë‹¹",1
ê³ ê¸°ê°€ ë§›ìžˆì–´ìš”. ê°™ì´ë‚˜ì˜¤ëŠ” ë°˜ì°¬ë„ ë§›ìžˆì–´ìšœ,1
"ì™€ ì—¬ê¸° ì§„ì§œ ë¦¬ë·°ë³´ê³ ì™”ëŠ”ë° ê·¸ëŒ€ë¡œë„¤ìš”
ì§ì›ë¶„ë“¤ ë‹¤ ì¹œì ˆí•˜ì‹œê³  ë‹¤ ì„œë¹„ìŠ¤ì£¼ì‹
ì–‘ë„ ì—„ì²­ë§Žì•„ì„œ ì…‹ì´ì„œì™”ëŠ”ë° 3ì¸ë¶„ë¨¹ê³  ë°°ë¶€ë¥´ë„¤ìš” ì—¬ê¸° ì§„ì§œ ë§›ìžˆì–´ìš” ì„œìš¸ì‚´ë©´ ë§¨ë‚  ì˜¤ê³ ì‹¶ì„ì •ë„ì—ìš”ðŸ˜Š",1
ê³ ê¸° ë§›ìžˆê³  ì‚¬ì´ë“œ ìž˜ë‚˜ì™€ì„œ ì¢‹ì•„í•˜ëŠ” ì§‘ì¸ë° ì˜¤ëŠ˜ì€ íŠ¹ížˆ ë°”ì˜ì…”ì„ ì§€ ì„œë¹™ì—ì„œ ì¢€ ì„±ì˜ê°€ ì—†ëŠ” ëŠë‚Œì„ ë°›ì•˜ìŠµë‹ˆë‹¤. ë‹¤ìŒì—ëŠ” ê¸°ëŒ€í•´ë´…ë‹ˆë‹¹...,1
"ë§›ë„ ìžˆê³  ì—­ê³¼ ê°€ê¹Œì›Œ ë” ì¢‹ì•˜ì–´ìš”ã…Žã…Ž
ì§„ì§œ íšŒì‹í•˜ê¸° ì¢‹ì€ê³³ìž…ë‹ˆë‹¤~~!!",1
"ê³ ê¸° êµ¬ì›Œì£¼ì…”ì„œ íšŒì‹ì¸ë°ë„ ë„ˆë¬´ íŽ¸í•˜ê³  ì¦ê²ê²Œ ë§‰ì—ˆìŠµë‹ˆë‹¤. ìŒì‹ë„ ì •ë§ ë§œìžˆì—ˆêµ¬ìš”!
êµ¬ì›Œì£¼ì‹œë©´ì„œ ê°™ì´ ë¨¹ìœ¼ë©´ ì¢‹ì„ ê²ƒì„ ë§í•´ì£¼ì…¨ëŠ”ë° ì •ë§ ë§›ìžˆì–´ì„œ ì¦ê±°ìš´ ì‹œê°„ ë³´ëƒˆìŠµë‹ˆë‹¤",1
ì—­ì‹œ ë„ˆë¬´ ë§›ìžˆì–´ìš” ã…Žã…Žã…Ž,1
"ì§„ì§œ ë§›ìžˆëŠ”ë°
ë„˜ ë¹„ì‹¸ë‹¤ì—¬........",1
ì´ëª¨ë‹˜ë“¤ì´ ê³ ê¸° ë‹¤ êµ¬ì›Œì£¼ì‹œê³  ì„¸ìƒ ë§›ìžˆì—ˆì–´ìš” ì—­ì‹œ ì´ì˜ìžë§›ì§‘,1
"ì§„ì§œ ë§ì´ í•„ìš” ì—†ìŒ
ì´ì˜ìžê°€ ì™œ ì¢‹ì•„í•˜ëŠ”ì§€ ì•Œê±°ê°™ìŒã…‹ã…‹ã…‹ã…‹
ì—´ì‹¬ížˆ ëˆë²Œì–´ì„œ ë˜ ë¨¹ìœ¼ëŸ¬ ê°€ì•¼ê² ì–´ìš” ã…Žã…Ž

ì•ˆë“œì‹ ë¶„ë“¤ ì–¸ëŠ¥ ë“œì‹œëŸ¬ê³ ê³ í•˜ì„¸ìš” ã…Ž",1
ì‚¬ëžŒì´ ëŠìž„ì—†ì´ ì˜¤ëŠ” ë§›ì§‘ì´ì—ˆì–´ìš” ì‚¬ì‹¤ ì´ì „ì— ì—¬ê¸° ë§ê³  ë‹¤ë¥¸ ì§€ì ê°”ê°€ ì‚´ì§ ì‹¤ë§í–ˆì—ˆëŠ”ë° ë…¼í˜„ë³¸ì ê°€ë³´ê³  ì™œ ì˜ìžì–¸ë‹ˆ ë§›ì§‘ì¸ì§€ ì•Œê²Œëì–´ìš”,1
"ì „ì²´ì ì¸ ë§›ì€ ì¢‹ì•˜ìŠµë‹ˆë‹¤.
8ëª…ì´ ì°¨ëŒì‚¼í•© 10ì¸ë¶„ ë“±ì„ ì¦ê²¼ëŠ”ë° ì¸ë‹¹ 4ë§Œì› ì •ë„ ë¹„ìš©.  ê°€ì„±ë¹„ê°€ ë‚®ì€ ëŠë‚Œ.
ì–‘ì´ ì•½ê°„ ì ê³  ëŒ€ë¶€ë¶„ì˜ ì¢Œì„ì´ ì•‰ëŠ” ë°©ì´ì–´ ì¡°ê¸ˆ ë¶ˆíŽ¸í–ˆìŠµë‹ˆë‹¤.",1
ë§›ìžˆìŠµë‹ˆë‹¤.~,1
"ì°¨ëŒ ì‚¼í•© ì •ë§ ë§›ìžˆì–´ìš”!
ë³¶ìŒë°¥ë„ ë‚ ì¹˜ì•Œ ë“¬ë¿ ë„£ì–´ì£¼ì…”ì„œ ë³„ë¯¸ë„¤ìš©",1
ê³ ê¸°ë¥¼ ë§›ìžˆê²Œ êµ¬ì›Œì£¼ì‹œê³  ì–´ë–»ê²Œ ë¨¹ì–´ì•¼í•˜ëŠ”ì§€ ì¹œì •í•˜ê²Œ ì•Œë ¤ì£¼ì…”ì„œ ë§›ìžˆê²Œ ìž˜ ë¨¹ì—ˆìŠµë‹ˆë‹¤,1
ì´ë² ë¦¬ì½”ì‚¼ê²¹ì‚´ ë§›ìžˆëŠ”ë° ë„¤ì´ë²„ì˜ˆì•½ì€ ì•ˆë˜ë„¤ìš”ã… ã… ,1
ë§›ìžˆì–´ìš”!,1
"ì‚¬ëžŒì´ë§Žì•˜ì–´ìš” ã… 
ë§›ì€ ìžˆì—ˆì–´ìš”..",1
"ë°°ê¼½ì§‘ ë§›ì€ ì¢‹ìœ¼ë‚˜ ë„¤ì´ë²„ ì˜ˆì•½í•œ ì¤„ë„ ëª¨ë¥´ê³  ì´ëª¨ë‹˜ì´ ì—„ì²­ ë¶ˆì¹œì ˆí•¨ã… 

ìµœê·¼ë“¤ì–´ ìžì£¼ ê°€ê²Œ ë˜ëŠ”ë° ì„œë¹„ìŠ¤ì— ì‹ ê²½ì„ ë§Žì´ ì¨ì•¼ í• ë“¯ í•©ë‹ˆë‹¤. ë§›ë§Œí¼ ì‹œìŠ¤í…œì´ ëª»ë”°ë¼ì™€ ì•„ì‰¬ìš´ë“¯ í•©ë‹ˆë‹¤.",0
ë„¤ì´ë²„ë¥¼ í†µí•´ ì˜ˆì•½í•˜ê³  ê°”ëŠ”ë° ì˜ˆì•½ì´ ì•ˆë˜ì–´ìžˆì—ˆìŠµë‹ˆë‹¤. ì˜¤í›„ í•œì‹œì˜€ê¸° ë•Œë¬¸ì— ë¹ˆ ìžë¦¬ê°€ ìžˆì–´ì„œ ë¬¸ì œëŠ” ì—†ì—ˆìŠµë‹ˆë‹¤. ì˜ˆì „ì— ë°©ë¬¸í–ˆì„ ë§›ìžˆê²Œ ë¨¹ì—ˆê¸°ì— ë‹¤ì‹œ ê°„ ê±´ë° ìŒì‹ì— ëŒ€í•œ ë§Œì¡±ë„ëŠ” ë†’ì•˜ìŠµë‹ˆë‹¤.,1
"ë§›ìžˆê²Œ ìž˜ ë¨¹ì—ˆì–´ìš”!
ê°™ì´ ê°„ ì„ ë°°ë‹˜ë“¤ë„ ì¢‹ì•„í•˜ì…”ì„œ ê¸°ë¶„ ì¢‹ì•˜ìŠµë‹ˆë‹¤!
ë‹´ì— ë˜ ë“¤ë¥¼ê²Œìš”~~",1
ë§›ìžˆì—ˆê³  ì²˜ìŒì— êµ¬ì›Œì£¼ì…”ì„œ íŽ¸í–ˆìŠµë‹ˆë‹¤~ì‚¬ëžŒì—†ì„ë•Œê°€ë©´ ë”ì¢‹ì€ì„œë¹„ìŠ¤ í•´ì£¼ì‹ ë‹¤ê³ í•˜ì…¨ë„¤ìš”!,1
ì •ë§ ë§›ìžˆë„¤ìš”!,1
ì¹œì ˆí•˜ê²Œ ê³ ê¸°ë„ ìž˜ êµ¬ì›Œì£¼ì‹œê³  ê³ ê¸°ë„ ë„ˆë¬´ ë§›ìžˆì–´ìš© !!!!! â™¥ï¸Ž,1
ì§„ëŒ€ê° ì—¬ëŸ¬êµ°ë° ê°€ë³´ê³  ë‚˜ì„œ ë„ˆë¬´ ì¢‹ì•„ì„œ ê°€ì¡±ë¼ë¦¬ ì™¸ì‹í•˜ë ¤êµ¬ ê°”ëŠ”ë° ë‹¤ë¥¸ì§€ì ì— ë¹„í•´ ë„ˆë¬´ ì„œë¹„ìŠ¤ê°€ ì—‰ë§ì´ì—ìš” ë°˜ì°¬ì€ ê±°ì˜ ì§‘ì–´ë˜ì§€ë“¯ì´ ë†“ê³ ê°€ì‹œê³  ì‹œí‚¤ê³  ë‹¤ì‹œ ì‹œí‚¤ê³  ë°”ìœê±´ ì•Œê² ëŠ”ë° ê·¸ëŸ¼ ì§ì›ì„ ë” ì¨ì£¼ì‹œì§€.. ì„œë¹„ìŠ¤ ìµœì•…ì´ì—ˆì–´ìš”,0
"ì¼í–‰ì´ ì¡°ê¸ˆ.. ë§Žì´ ëŠ¦ì—ˆëŠ”ë° ì„œë¹„ìŠ¤ë„ ì¢‹ê³  ë§›ìžˆì—ˆìŠµë‹ˆë‹¤.

ë‹¤ìŒì— ë˜ ê°ˆê²Œìš”~~",1
ë¯¿ê³ ê°€ëŠ” ì§„ëŒ€ê°,1
ì–¸ì œë‚˜ í•­ìƒ ë§›ìžˆë„¤ìš”^^,1
ê³ ê¸°ê°€ ë§›ìžˆëŠ” ëŠë‚Œì€ ì•„ë‹ˆì§€ë§Œ ë°˜ì°¬ì´ ì§„ì§œì§„ì§œ í•µë§›ì´ì—ìš”!!!! ì–´ë–»ê²Œ ë¨¹ìœ¼ë©´ ë˜ëŠ”ì§€ ì„¤ëª…ë„ ìž˜ í•´ì£¼ì…”ì„œ ë§›ìžˆê²Œ ê¸°ë¶„ì¢‹ê²Œ ë¨¹ì—ˆì–´ìš©,1
ë‹¤ë¥¸ê³³ì— ë¹„í•´ ì„œë¹„ìŠ¤ê°€ ë„ˆë¬´ ì—‰ë§ì´ë„¤ìš”. ë‹¤ë¥¸ê³³ë„ ë°”ì˜ê¸´ ë§ˆì°¬ê°€ì§€ì¸ë° .. ì§„ëŒ€ê° ê¸°ë³¸ì ìœ¼ë¡œ ë§›ìžˆê³  ì ›ì•„í•˜ëŠ”ë° êµëŒ€ì ì€ ë¹„ì¶”ìž…ë‹ˆë‹¤.,0
ë¼ˆì—†ëŠ” êµ­ë¬¼ ë‹­ë°œê³¼ ì¹˜ì¦ˆê³„ëž€ë§ì´. ì£¼ë¨¹ë°¥ì˜ ì¡°í™”~ ë§›ì§‘ì´ë¼ ê·¸ëŸ°ì§€ ì—¬ì„± ê·¸ë£¹ë“¤ì´ ë§Žì•˜ìŒ. ë§µê¸´ í–ˆì§€ë§Œ ë³´í†µìœ¼ë¡œ ì£¼ë¬¸í•˜ë©´ ë¨¹ì„ë§Œí•¨~ ë„¤ì´ë²„ì—ì„œ ì˜ˆì•½í–ˆë‹¤ê³  í•˜ë‹ˆ ìš°ë¦° ì˜ˆì•½ì•ˆë°›ëŠ”ë‹¤ê³  í•´ì£¼ì‹œëŠ” ì„¼ìŠ¤. ì–´ì°¨í”¼ ë¹ˆìžë¦¬ê°€ ìžˆì–´ ê·¸ëƒ¥ ì•‰ê¸´ í–ˆëŠ”ë° ì˜ˆì•½í•˜ê³  ê°”ëŠ”ë° ìžë¦¬ì—†ë‹¤ê³  í•˜ë©´ ì¢€ ì§œì¦ë‚ ë“¯.,1
ê°•ë‚¨ì—ì„œ ëª¨ìž„ìž¡ì„ë•Œ ëŠ˜ì• ìš©í•˜ëŠ”ê³³ìž…ë‹ˆë‹¤,1
ìž˜ë¨¹ì—ˆìŠµë‹ˆë‹¤,1
"ë°‘ë°˜ì°¬ë„ ê¹”ë”í•˜ê³  ê³ ê¸°ë„ ë§›ìžˆì–´ìš”.
ë¬´ì—‡ë³´ë‹¤ ê³ ê¸°ê°€ ë§›ì´ ì¢‹ì•˜ìŠµë‹ˆë‹¤.",1
ê¹”ë”í•˜ê³  ì¾Œì í•©ë‹ˆë‹¤. ì˜ˆì•½í•˜ê³ ê°€ì„œ ê¸°ë‹¤ë¦¬ì§€ì•Šê³  ë°”ë¡œ ë°©ìœ¼ë¡œ ì•ˆë‚´í•´ì£¼ì…¨ì–´ìš”. ê³ ê¸°ë„ êµ¬ì›Œì£¼ì‹œê³  ëƒ„ìƒˆë„ ê±°ì˜ì•ˆë‚˜ëŠ” ë“¯í•©ë‹ˆë‹¤. ë‹¤ìŒì—ë˜ ì´ìš©í• ê²Œìš”,1
ì¡°í¼ ë¹„ì‹¸ì§€ë§Œ ë§›ìžˆì–´ìš”. ì£¼ì°¨ë„ íŽ¸í•˜ê³ ìš”^^,1
ê°€ê²©ì€ ë§¤ìš° ë¹„ì‹¸ì§€ë§Œ ëŠ˜ ë§›ìž‡ë‹¤,1
"ë§›ì€ ê´œì°®ì€ë°..
ì„œë¹„ìŠ¤, ì•ˆë‚´, ì˜ì‚¬ì†Œí†µ ìž˜ ì•ˆë¨",0
ê°œë³„ë£¸ì—ì„œ ê³ ê¸°ë¥¼ êµ¬ì›Œì£¼ë‹ˆê¹Œ ì¢‹ì•˜ìŠµë‹ˆë‹¤.,1
3ë²ˆì§¸ ì´ìš©ìž…ë‹ˆë‹¤! ì†ë‹˜ì´ ë„ˆë¬´ ë§Žë„¤ìš”. ëª©ì‚´ì´ ì¡°ê¸ˆ ë»‘ë»‘í–ˆìŠµë‹ˆë‹¤. ë‚˜ë¨¸ì§€ëŠ” ë‹¤ ì¢‹ì•˜ì–´ìš”!,1
ë¶„ìœ„ê¸° ì¢‹ë”ë¼êµ¬ìš”! ë ˆìŠ¤í† ëž‘ ëŠë‚Œ~! ê³ ê¸° ì™„ì „ ë§›ìžˆì–´ìš”,1
ì™„ì „ ë§›ìžˆê²Œ ë¨¹ê³ ì™”ì–´ìš”ã… ã…  ì–´ì œ ë°¤ì— ë¨¹ì—ˆëŠ”ë° ë°°í„°ì§€ê²Œ ë¨¹ì—ˆì–´ìš¬ã…‹ã…‹ ê³ ê¸° ì‚¬ì§„ì€ í¬ê²Œí¬ê²Œ ë³´ì„¸ìš” ì°¨ëŒë°•ì´ ìž¥ë‚œì•„ë‹ˆê²Œ ë§›ìžˆì–´ì˜...ã… ã…  ë˜ê°€ê³ ì‹¶ë‹¤... ê·¸ë¦¬ê³  ë§ˆì§€ë§‰ì— í›„ì‹ìœ¼ë¡œ ì•„ì´ìŠ¤í¬ë¦¼ ê¼­ ë¨¹ìœ¼ì„¸ì—¬ ì§„ì§œ ì´ë•Œê¹Œì§€ ë¨¹ì–´ë³¸ ì†Œí”„íŠ¸ì½˜ì¤‘ì— ì ¤ë§›ë‚¬ì–´ì˜,1
ë§›ê³¼ ì–‘ ë”°ë¼ê°ˆ ê³³ ì—†ë‹¤,1
ë„¤ì´ë²„ ì˜ˆì•½í•˜ë©´ ìŒë£Œëž‘ ëœìž¥ì°Œê°œ ë¬´ë£Œë¼í–ˆëŠ”ë° ì•ˆì£¼ì‹œë”ë¼êµ¬ìš”..ë°”ë¹ ì„œ ê·¸ëž¬ì„ê±°ë¼ ë¯¿ê³ .. ë§›ë„ ì¢‹ê³  ì„œë¹„ìŠ¤ë„ ì¢‹ì•„ìš” ì‚¬ëžŒë§Žìœ¼ë‹ˆ ì˜ˆì•½í•˜ì‹œê¸¸!,1
"ê°€ì„±ë¹„ ê°‘ì´ì—ìš”!!! ì§„ì§œë§›ìžˆì–´ìš” ã… ã… 
ë²Œì¨ ì„¸ë²ˆì§¸ ë°©ë¬¸ìž…ë‹ˆë‹¨",1
ê°€ê²©ëŒ€ë¹„ ì •ë§ ë§›ìžˆëŠ” ê³ ê¸°ì§‘ìž…ë‹ˆë‹¤. ì´ë²ˆì— ë‘ëª…ì´ì„œ ë‹¤ì„¯íŒì¸ê°€ ë¨¹ì€ê²ƒê°™ë„¤ìš”ã…Žã…Ž ì†Œê³ ê¸°ìƒê°ë‚ ë•Œë§ˆë‹¤ ê°€ëŠ” ê³³ !,1
ì„¸ë²ˆì§¸ ë„ˆë¬´ ë§›ìžˆì—ˆë‹¤..  ë¬´í•œë¦¬í•„ ì„¸ë²ˆì™”ìŒ ë§ ë‹¤í•œê±° ì†Œê³ ê¸°ë¬´í•œë¦¬í•„ë•¡ê¸°ë©´ã…Šë¬´ì¡°ê²€ ì—¬ê¸°,1
ì§ì›ë“¤ë„ ì¹œì ˆí•˜ê³  ë§›ìžˆê²Œ ìž˜ë¨¹ì—ˆìŠµë‹ˆë‹¤!! í›„ì‹ ì•„ì´ìŠ¤í¬ë¦¼ ì§„ì§œ ì§±ë§›!!,1
"ê³ ê¸°ê°€ ë¬¼ì—ì„œ ìˆ™ì„±í•œë‹¤ê³  ë˜ì–´ìžˆëŠ”ë°
ë§‰ìƒ ë‚˜ì˜¨ê±´ ì–¼ì–´ ìžˆëŠ” ê³ ê¸°ì—ìš”",0
ë§›ìžˆì–´ìš”ã…‹ã…‹,1
ì§€ë‚œ ì£¼ì™€ ì§€ì§€ë‚œ ì£¼ì— 2ì£¼ì— ê±¸ì³ ë°©ë¬¸í–ˆì–´ìš”. ì†Œê³ ê¸° ë„ˆë¬´ ë§›ìžˆìž–ì•„ìš”ã…Žã…Žë§›ìžˆëŠ” ì†Œê³ ê¸°ë¥¼ ë¬´í•œë¦¬í•„ë¡œ ë¨¹ì„ ìˆ˜ ìžˆì–´ì„œ ì¢‹ì•˜ì–´ìš”. ë§ˆì§€ë§‰ì—ëŠ” ë¨¹ê³  ì‹¶ì€ ë¶€ìœ„ë¡œ í•œë²ˆ ë” ë¦¬í•„í•´ì„œ ì‹¤ì†ìžˆê²Œ ë¨¹ì—ˆë‹¤ëŠ”^^ì§€ì¸ë“¤ë„ ì—¬ê¸°ì—ì„œ íšŒì‹ì´ë‚˜ ëª¨ìž„í•´ì•¼ê² ë‹¤ê³  í–ˆë‹µë‹ˆë‹¤ã…‹ã…‹,1
"ê°€ê²©ê³¼ ë§›ì€ ë¯¸ìŠëž­, ì „ë°˜ì ì¸ ì„œë¹„ìŠ¤ëŠ” ê·¸ë‹¥...íŠ¹ížˆ ì£¼ì°¨ëŠ” í• ë§ì´ ì—†ìŠµë‹ˆë‹¤....",0
ê¼¬ëƒ‘ë“±ì‹¬ ì •ë§ ì •ë§ ë„ˆë¬´ ë§›ìžˆì—ˆìŠµë‹ˆë‹¤! ì§ì›ë¶„ë“¤ë„ ë‹¤ë“¤ ë„ˆë¬´ ì¹œì ˆí•˜ì…¨ê³  ë•ë¶„ì— ì¦ê±°ìš´ í¬ë¦¬ìŠ¤ë§ˆìŠ¤ ì´ë¸Œì˜€ì–´ìš”! ê¸°íšŒê°€ ë˜ë©´ ë˜ ê°ˆë ¤êµ¬ìš”!,1
"ì¹œì ˆë“¤í•˜ì…¨ê³  ìŒì‹ ë˜í•œ ê´œì°®ì€ ë§›ì´ì—ˆì–´ìš”^^
ë‹¤ìŒì—ëŠ ê¼¬ëƒ‘ë“±ì‹¬ì„ ë¨¼ì € ë¨¹ì–´ì•¼ê² ì–´ìš”ã…Žã…Ž ê·¸ëž˜ì„œ ìž˜ ìŒë¯¸í• ìˆ˜ìž‡ì„êº¼ê°™ë„¤ìš”ã…Žã…Ž",1
ì—…ë¬´ìƒ ì™¸êµ­ì¸ ì ‘ëŒ€ìžë¦¬ë¡œ ë‹¤ë…€ì™”ìŠµë‹ˆë‹¤. í˜¸ì£¼ì¸2ëª…ê³¼  ì ì‹¬íŠ¹ì„ ìœ¼ë¡œ ë¶ˆê³ ê¸°ì •ì‹ì„ ë¨¹ì—ˆëŠ”ë° íŠ¹ížˆ ì™¸êµ­ë¶„ë“¤ ë§Œì¡±ë„ê°€ ë†’ì•˜ìŠµë‹ˆë‹¤.,1
í•­ìƒ.ë³€í•˜ì§€.ì•ŠëŠ” ë§›.  ê°€ê²©ì€ ì¢€ ë‚´ë ¸ìœ¼ë©´ í•©ë‹ˆë‹¤.,1
ì „ë°˜ì ìœ¼ë¡œ ë§Œì¡±í•©ë‹ˆë‹¤,1
"ê¸°ëŒ€ë³´ë‹¤ëŠ” ë³„ë¡œì˜€ìŠµë‹ˆë‹¤.
ì‹œê·¸ë‹ˆì³ ë§¤ë‰´ì¸ ê¼¬ëƒ‘ ë“±ì‹¬ì„ ì£¼ë¬¸í–ˆëŠ”ë°,
ë„ˆë¬´ ê³ ê¸°ê°€ ì—°í•˜ê¸°ë§Œí•´ì„œ ì‚¶ì€ ìˆ˜ìœ¡ì„ ë¨¹ëŠ” ëŠë‚Œì´ ë“¤ë”êµ°ìš”~~ì—„ì²­ ëŠë¼í•˜ê³ ....
ëœìž¥ì°Œê°œë„ ë„ˆë¬´ ë‹¬ì•„ì„œ ë³„ë¡œ ì˜€ìŠµë‹ˆë‹¤.
ê°™ì´ ê°„ ì§‘ì‚¬ëžŒì€ ë¶„ìœ„ê¸°ê°€ ì¢‹ë‹¤ê³ ~~;;^^",0
"ì„œë¹„ìŠ¤ ì¹œì ˆí•˜ì‹œê³ ,ìŒì‹ë§› ì •ê°ˆí•©ë‹ˆë‹¤. ì‹­ë…„ì „ì´ë‚˜ ì§€ê¸ˆì´ë‚˜ ëŠ˜ í•œê²°ê°™ì€ ë§›, ì§™ì€ íšŒìƒ‰ì˜ ë§ˆì†Œìž¬ ë¹„ì¹˜ëŠ” ì»¤íŠ¼ê³¼ ì°½ë°–ìœ¼ë¡œ ë³´ì´ëŠ” ëŒ€ë‚˜ë¬´ê°€ ìš´ì¹˜ìžˆìŠµë‹ˆë‹¤.",1
"ì„œë¹„ìŠ¤ê°€ êµ‰ìž¥ížˆ ì¹œì ˆí–ˆê³ , 2ëª…ì´ ì¡°ìš©í•˜ê²Œ ì‹ì‚¬í•˜ê³  ì‹¶ì–´ì„œ ë£¸ìœ¼ë¡œ ì˜ˆì•½í–ˆëŠ”ë° ë£¸ ì»¨ë””ì…˜ë„ ì •ë§ ì¢‹ì•˜ìŠµë‹ˆë‹¤. ë‚˜ì¤‘ì— ë¶€ëª¨ë‹˜ì„ ëª¨ì‹œê³  ì˜¤ê³  ì‹¶ì„ ì •ë„ë¡œìš”! ë±€ë¶€ì •ì‹ì„ ë¨¹ì—ˆëŠ”ë° ëª¨ë“  êµ¬ì„±ì´ ë°¸ëŸ°ìŠ¤ê°€ ë§žì•˜ê³  ë”± ë°°ë¶€ë¥´ê²Œ ë¨¹ì„ ìˆ˜ ìžˆì—ˆìŠµë‹ˆë‹¤. ë‹¤ìŒì— ë˜ ì°¾ì„ ê²ƒ ê°™ì•„ìš”!",1
"ì˜ˆì•½ë‹¹ì¼ ë¯¸ë¦¬ í™•ì¸ ì „í™”ì£¼ì…”ì„œ ì¢‹ì•˜êµ¬ìš”,
ì „ë°˜ì ìœ¼ë¡œ ë§Œì¡±í•©ë‹ˆë‹¤. ^^",1
"ë‹¨ì²´26ëª…í•´ì„œ ê°”ëŠ”ë° ë§Œì¡±ìž…ë‹ˆë‹¤.ì˜ˆì „ì— ì¹œêµ¬ë“¤ì´ëž‘ ë¨¹ìœ¼ëŸ¬ê°”ì—ˆëŠ”ë° ìš°ì„ ë¶„ìœ„ê¸°ë„ ì¢‹ì•˜ê³ ,ë§›ë„ìžˆì–´ì„œ
ì •ê¸°ëª¨ìž„ì„ ì—¬ê¸°ë¡œ ìž¡ì•˜ëŠ”ë°,íŠ¹ížˆ ì—¬ìžë¶„ë“¤ì´ ë„ˆë¬´ ì¢‹ì•„í•˜ë„¤ìš”.ê°€ê²Œê°€ ê·¸ë‹¤ì§€ë„“ì§€ì•Šì•„,ë‹¨ì²´ê°€ ë“¤ì–´ê°ˆìˆ˜ìžˆë‚˜í–ˆëŠ”ë°  ë¬¸ì œì—†ë”êµ°ìš”. ë§›ìžˆê²Œ ìž˜ë¨¹ê³  ì¦ê±°ìš´ì‹œê°„ë³´ëƒˆìŠµë‹ˆë‹¤.ê°ì‚¬í•©ë‹ˆë‹¤~",1
ì¹­êµ¬ë“¤ì´ëž‘ ë„ˆë¯€ë§›ìžˆê²Œ ë¨¹ì—ˆì–´ìš”~ê³ ê¸° í€„ë¦¬í‹° ê¸‹ê¸‹ðŸ˜˜ðŸ˜ ì‚¬ìž¥ë‹˜ê»˜ì„œ ì‹ ê²½ì¨ êµ¬ì›Œì£¼ì‹  ë•ë¶„ì— ë” ë§›ìžˆê²Œ ì¦ê²¼ìŠµë‹ˆë‹¤ã…Žã…Žì†Œì„¸ì§€ëž‘ ì½˜ì¹˜ì¦ˆ ë–¡ë³¶ì´ ë“± ì‚¬ì´ë“œë©”ë‰´ë„ ì•Œì°¨ê³  í‘¸ì§í‘¸ì§ðŸ™ŒðŸ’—ðŸ’—ðŸ’—ë¶„ìœ„ê¸°ë„ ë„ˆë¯€ë„ˆë¯€ì¢‹ì•„ìš” ìž¬ë°©ë¬¸ê°ìž…ë‹ˆëŒœ,1
ìž˜ë¨¸ê²ƒì–´ì—¬ìš°íƒ€ë‚˜ë‚˜ì•„ì•„ì•„,1
"ì´ë²ˆì— ì²¨ìœ¼ë¡œ ì˜ˆì•½ì„ í•˜ê³  ë°©ë¬¸í–ˆëŠ”ë° í•¨ê»˜ê°„ ì¹œêµ¬ë“¤ ëª¨ë‘ ë…íŠ¹í•œ ë„ì‹¬ì†ì˜ ìº í•‘ ë¶„ìœ„ê¸°ë•ì— ë„ˆë¬´ ì¦ê±°ì› ë‹¤ê³  í•©ë‹ˆë‹¤.

ì§ì›ë¶„ë“¤ë„ ì¹œì ˆí•˜ê³  ìŒì‹ë„ ë§›ìžˆì—ˆê³ ìš”. ë‹¤ìŒì— ë˜ ì˜ˆì•½í•˜ê³  ë°©ë¬¸ í•  ì˜ˆì •ìž…ë‹ˆë‹¤. ê°ì‚¬í•©ë‹ˆë‹¤.^^",1
"ì¹œêµ¬ë“¤ì´ëž‘ ëª‡ë²ˆì§¸ ë°©ë¬¸ì¸ë° ëŠ˜ ë§Œì¡±í•©ë‹ˆë‹¹
í‘¸ì§í•œì–‘ ì¹œì ˆí•œ ì„œë¹„ìŠ¤ ë•Œë¬¸ì— ê³„ì† ì˜¤ê²Œ ë˜ëŠ”ê±° ê°™ì•„ìš” ì¹œêµ¬ë“¤ì´ëž‘ í–‰ë³µí•œ ê¸°ì–µë§Œë“¤ì–´ ì¤˜ì„œ ê°ì‚¬í•©ë‹ˆë‹¹^^",1
ë„ì‹¬ì†ì—ì„œ ìº í•‘ë¶„ìœ„ê¸° ì¦ê¸°ë©° ê³ ê¸° ë¨¹ê¸° ì¢‹ì•˜ì–´ìš” ì†Œì‹œì§€ë„ ë§›ìžˆì—ˆê³  ë–¡ë³¶ì´íƒ•ë„ ë‹¬ë‹¬í•˜ë‹ˆ ë§›ìžˆì–´ì˜¤ ã…Žã…Ž ë‹´ìš”ëž‘ ìŠ¬ë¦¬í¼ë„ ì´ì¨ì„œ ë” íŽ¸í•˜ê²Œ ì¦ê¸°ë‹¤ ì™”ë„¤ìš©,1
ì¹œêµ¬ì†Œê°œë¡œ ì•Œê²Œëêµ¬ìš”. 10ëª… ë‚¨ì§“í•œ ì¸ì›ìœ¼ë¡œ ìƒì¼íŒŒí‹°í–ˆëŠ”ë° ì—¬ê¸° ì§„ì§œ ê´œì¶˜ìŠµë‹ˆë‹¹ ã…Žã…Ž ìŒì‹ë„ ë‹¤ ë§›ìžˆê³  ë¶„ìœ„ê¸° ìº í•‘ëŠë‚Œ ì˜¤ì§€ê³  ì—¬ëŸ¬ëª…ì´ì„œ ê°€ê¸°ì— ê°€ì„±ë¹„ë„ ì¢‹ì•„ì—¬ã…Žã…Ž ì—„ì§€ì²™!!,1
"ì „ë°˜ì  ë¶„ìœ„ê¸° ì¢‹êµ¬ìš”.
ì¹œì ˆí•œ ì„œë¹„ìŠ¤ ë§˜ì— ë“¤ì—ˆìŠµë‹ˆë‹¤.
ê·¸ëŸ°ë°
ë³„ì  í•˜ë‚˜ ëº€ ì´ìœ ëŠ” ë“±ê°ˆë¹„ê°€...ê³„í”¼í–¥ ë„˜ ê°•í•˜ê³  ë§›ì´ ì—†ì–´ìš”ã… ã… 
ì†Œì„¸ì§€ ì‹«ì–´í•´ì„œ ë“±ê°ˆë¹„ìžˆëŠ” ë©”ë‰´ë¡œ ì£¼ë¬¸í–ˆì—ˆëŠ”ë°.
ì‚¼ê²¹. ëª©ì‚´ì„ ì§„ì§œ ë§›ìžˆì—ˆìŠµë‹ˆë‹¤.
íŠ¹ížˆ ì„œë¹„ìŠ¤ ë¼ë©´ì€ ì™„ì „ ê¼¬ë“¤í•œê²Œ  ì—„ì§€ ì²™!
ë˜ ë°©ë¬¸í•  ì˜ˆì •ìž…ë‹ˆë‹¤~",1
"ìž‘ì •í•˜ê³  ì´ê±°ì €ê±° ì±™ê±° ìº í•‘ê°€ê¸° ì–´ë ¤ìš´ ìš”ì¦˜ì¸ë° ìº í•‘ ë¶„ìœ„ê¸° ë‚˜ëŠ” ì—¬ê¸°ì„œ ë§›ìžˆê³  ë‘íˆ¼í•œ ëª©ì‚´+ì‚¼ê²¹ì‚´, ì†Œì„¸ì§€, í•«ìœ™ ë“±ë“± ë‹¤ì–‘í•˜ê²Œ ë¨¹ê²Œë˜ì–´ ë„˜ë‚˜ ì¢‹ì•˜ìŠµë‹ˆë‹¤.>v<",1
"ê³ ê¸°ë§Œ ë¨¹ëŠ” ê²ƒì´ ì•„ë‹ˆë¼ ì„¸íŠ¸ë¥¼ ì‹œí‚¤ë©´ ê°ì¢… ì†Œì„¸ì§€ì™€ ë–¡, ì½˜ì˜¥ìˆ˜ìˆ˜, êµ¬ìš´ì•¼ì±„  ê·¸ê²ƒë„ ëª¨ìžë¼ íƒ•(ì°Œê°œ)ê¹Œì§€ ë§›ë³¼ ìˆ˜ ìžˆëŠ” ì ì´ ì¢‹ì•˜ê³  ë¬´ì—‡ë³´ë‹¤ ì§„ì§œ ìº í•‘ ë¶„ìœ„ê¸°ë¡œ ë¨¹ëŠ” ìž¬ë¯¸ê°€ ë„ˆë¬´ ì‹ ê¸°í•˜ê¸°ë„ í•˜ê³  ê¸°ì–µì— ë‚¨ì„ ê²ƒ ê°™ìŠµë‹ˆë‹¤.ë„ì‹¬ì† ì¼íƒˆì´ëž„ê¹Œìš”?ã…Žã…Ž ì¢‹ì€ ì‹œê°„ì´ì—ˆìŠµë‹ˆë‹¤.",1
ê¸°ëŒ€ì´í•˜ì˜€ìŒ,0
"ë„ˆë¬´ë„ˆë¬´ ë§›ìžˆì–´ìš” 
ì œì£¼ë„ì— ì˜¨ê±° ê°™ì€ ëŠë‚Œ ì¶”ì²œí•©ë‹ˆë‹¹ ~~!",1
ê³ ê¸° ì§ˆì´ë‚˜ ì„œë¹„ìŠ¤ëŠ” ë§¤ìš° ë§Œì¡±! ì¢€ ë¹„ì‹¼ íŽ¸ì´ì—ìš”,1
"ê³ ê¸° ë§›ìžˆìŒ.
ì´ˆë²Œ êµ¬ì›Œì˜¤ëŠ” ì‹œê°„ì´ ê½¤ ê±¸ë¦¼.
ìƒê°ë³´ë‹¤ ì˜·ì— ëƒ„ìƒˆê°€ ì•ˆë²°.
ê°€ê²©ëŒ€ëŠ” ì¡°ê¸ˆ ìžˆëŠ”íŽ¸.",1
"ì§ì›ë¶„ë“¤ì´ ì •ë§ ì¹œì ˆí•˜ì…¨ê³  ê³ ê¸°ëž‘ ëƒ‰ë©´ë„ ë„ˆë¬´ ë§›ìžˆì—ˆì–´ìš”!!
ë‹¤ë§Œ ëœìž¥ì°Œê°œ ë§›ì´ ì¢€ ì•„ì‰¬ì› ë„¤ìš”",1
"ê³ ê¸°,ì°Œê°œ,íŒŒì ˆì´ ì–´ëŠí•˜ë‚˜ ë¹ ì§€ëŠ”ê²Œ ì—†ì´ ë„ˆë¬´ ë§›ìž‡ì—ˆì–´ìš”! ì˜¤í”ˆì‹œê°„ì— ê°“ëŠ”ë°ë„ ë„ˆë¬´ì¹œì ˆí•˜ì‹œê³  ì§±ì´ì˜€ìˆ©ë‹ˆë‹¤ ë²ˆì°½í•˜ì„¸ìœ !",1
ë§›ì€ ì¢‹ì€ë° ì‹œë„ëŸ¬ì›Œì„œ ëŒ€í™”ê°€ ìž˜ ì•ˆë“¤ë ¸ì–´ìš”,1
ë§›ì´ëž‘ ë¶„ìœ„ê¸° ê·¸ë ˆìž‡. ë„ˆë¬´ ìºì¥¬ì–¼í•˜ì§€ë„ ì•Šê³  ë¶€ë‹´ë„ ë„ˆë¬´ ë†’ì§€ì•Šê³  ì¡°ìš©í•˜ê³   ê·¼ë° êµ¬ì›Œì„œë‚˜ì˜¤ë‹ˆê¹Œ ì¢€ ì‹ëŠ”ê°ì´ ìžˆì–´ìš”,1
ë§›ìžˆê²Œ ìž˜ë¨¹ì—ˆì–´ìš”~~^^,1
ì„œë¹„ìŠ¤ëŠ” ê´œì°®ì€ë° ë³¸ì§ˆì ìœ¼ë¡œ ê³ ê¸°ê°€ ë§›ì´ ì—†ì–´ìš”ã… ã… ,0
ì¹œì ˆí•˜ê³  ì •ê°ˆí•œ ìŒì‹ì´ ì •ë§ ë§›ìžˆì–´ì„œ ì˜¤ëžœì„¸ì›” ìžì£¼ ê°€ê²Œë˜ëŠ” ìŒì‹ì ìž…ë‹ˆë‹¤.,1
"ì˜¤í˜¸ ~ ì‹¸ì¸ë“¤ì´~~ ë§›ì§‘ ëƒ„ìƒˆê°€ ë‚œë‹¤.
ë‹¤ì–‘í•œ ì˜¤ë¦¬ë¥¼ ë¨¹ì„ìˆ˜ìžˆëŠ” ì½”ìŠ¤ìš”ë¦¬~  ë‚˜ì˜¤ëŠ” ìŒì‹ë“¤ì´ ë‹¤ ì •ê°ˆí•˜ê³  ê¹”ë”í–ˆë‹¤. ê·¸ëŸ°ë° ì†ŒìŠ¤ì— ì‚´ì§ ì°ì–´ ë¨¹ëŠ” ì„œìš¸ë• ì¢‹ë‹¤ ì¢‹ì•„. ì™œ ê°•ë‚¨ë§›ì§‘ì¸ì§€ ì•Œê² ë‹¤.  ê°ì‚¬ìš”",1
ìŒì‹ì´ ì •ê°ˆí•œë° ê°‘ìžê¸° ì™€ì„œ ë³‘ ì¹˜ìš°ê³  ê·¸ëŸ°ê±´ ì¢€ ê·¸ë ‡ë„¤ìš”,1
ì ì‹¬ ê²¸ íšŒì˜ê²¸ ì„ íƒí•œ ë°°ë‚˜ë¬´ê³¨ì˜¤ë¦¬ì§‘~ ëŸ°ì¹˜Bë¥¼ ì¶”ì²œí•´ì£¼ì…”ì„œ ê¸°ë‹¤ë¦¬ëŠ” ë™ì•ˆ ìˆ˜ë‹¤ì‚¼ë§¤ê²½~~ì½”ìŠ¤ê°€ ë‚˜ì˜¤ë©´ì„œ ì´ë¯¸ íšŒì˜ëŠ” ë¬¼ê±´ë„ˆê°”ê³  ë§¤ì˜ ëˆˆìœ¼ë¡œ ìŠ¤ìº”í•˜ê³  ì˜¤í–¥ìˆ˜ìœ¡ì„ ë¨¹ëŠ”ë° ëˆˆì´ ë²ˆì©..ê³ ì†Œí•˜ê³  ë¶€ë“œëŸ¬ì›€ì— ë°˜í–ˆë‹µë‹ˆë‹¤.  ë‹´ì— ì‹êµ¬ë“¤ê³¼ ê¼­ ê°€ë ¤êµ¬ìš”. ì™„ì „ ì¡´ë§›,1
ë¶ˆê¸ˆì—ëŠ” ë‚´ ëª¸ì€ ì†Œì¤‘í•˜ë‹ˆê¹Œ ì˜¤ë¦¬ë¡œ ëª¸ë³´ì‹ í•˜ìží•´ì„œ ì„ íƒí•œ ë°°ë‚˜ë¬´ê³¨ì˜¤ë¦¬ì§‘~ ì—­ì‹œ ë‚˜ì˜ ì„ íƒì€ ì˜³ì•˜ë‹¤.  ê°€ê²©ì€ ìžˆì§€ë§Œ ì˜¤ë´‰ì½”ìŠ¤ë¡œ ...ã…Žã…Ž ë§›ë‚œ ì˜¤ë¦¬ë“¤ì´ ì­‰ì­‰ì­‰ ì§„ì§œ ë§›ìžˆë‹¤. ë§ˆë¬´ë¦¬ëŠ” ë³´ë¦¬êµ´ë¹„ì™€ ë°¥ê¹Œì§€..ì™„ë²½í•˜ê²Œ ë§ˆë¬´ë¦¬.  ìž˜ë¨¹ì—ˆìŠµë‹ˆë‹¤.,1
ì˜¤ë¦¬ê³ ê¸°ë¥¼ ì‚¬ëž‘í•˜ëŠ” ìš°ë¦¬ê°€ì¡±ì„ ìœ„í•´ ê°„ë§Œì— ë””ë„ˆì½”ìŠ¤ ë§›ìžˆê²Œ ë¨¹ì—ˆìŠµë‹ˆë‹¤. ì˜¤í–¥ìˆ˜ìœ¡ ì •ë§ ëë‚´ì£¼ê³  ë°‘ë°˜ì°¬ì€ ì•„ì¤Œë§ˆ ìž…ë§›ì— ì·¨í–¥ì €ê²©ì´ì—ˆë‹¤ëŠ”... ë‹¤ìŒì— ë˜ ë“¤ë¦´ê²Œìš”~ ë§›ìžˆëŠ” ì˜¤ë¦¬ê³ ê¸° ê°ì´í•´ìš”.,1
"ì„œë¹„ìŠ¤ ì¢‹ê³  ìŒì‹ë„ ë§›ë‚˜ìš”.
ë‹¤ ì¢‹ì€ë°.
ìž¡ì±„ê°€ ë„ˆë¬´ë„ˆë¬´.....
ë‹¤ì‹œ ë³¶ì•„ì„œ ë‚˜ì™”ìœ¼ë©´ 100ì ì¼í…ë°.
ì•„ì‰¬ì›Œìš”~",1
ìš”ë¦¬ ì •ë§ ë§›ìžˆê³  ì¹œì ˆí•˜ì„¸ìš”. ìœ„ì¹˜ë‚˜ ì£¼ì°¨ ìŒì‹ ëª¨ë“ ê²Œ ìƒê²¬ë¡€ê°™ì´ ê²©ì‹ìžˆëŠ” ìžë¦¬ì— ìž˜ ì–´ìš¸ë¦¬ëŠ” ìž¥ì†Œìž…ë‹ˆë‹¤.,1
"ì˜¤í–¥ìˆ˜ìœ¡í•˜ê³  ì„œìš¸ë• ê°•ì¶”í•©ë‹ˆë‹¤ðŸ‘ðŸ»ðŸ‘ðŸ»  ì§€ì¸ì¶”ì²œìœ¼ë¡œ ë°©ë¬¸í–ˆì—ˆëŠ”ë°ìš” ëŠë¼í•˜ì§€ë„ ì•Šê³ , ë§¤ìž¥ë¶„ìœ„ê¸°ë„ ê³ ê¸‰ì ¸ì„œ ë‹¤ìŒë²ˆì—ë„ í•œ ë²ˆ ë” ë°©ë¬¸í•´ë´ì•¼ê² ì–´ìš”!!",1
ì§ì›ë¶„ì´ ì•„ì£¼ ì¹œì ˆí•˜ì…¨ìŠµë‹ˆë‹¤,1
"ë§›ì€ ê´œì°®ì•˜ìŠµë‹ˆë‹¤.

ê³ ê¸°ë¥¼ ì§ì ‘ êµ¬ì›Œì¤˜ì„œ ì¢‹ì•˜ìŠµë‹ˆë‹¤.

ì˜¤í›„2ì‹œê²½ ê°”ëŠ”ë° ìƒ¹ê·¸ë¦¬ì•„ê°€ ì¤€ë¹„ê°€ ë˜ì–´ìžˆì§€ ì•Šì•„ì„œ ë§›ì„ ëª»ë´ì„œ ì•„ì‰¬ì› ìŠµë‹ˆë‹¤.

3ëª…ì´ì„œ ì•‰ì•„ì„œ ì„¸ë“œë¡œ ì„¸íŠ¸ë¥¼ ì‹œì¼°ëŠ”ë°
í…Œì´ë¸”ì´ ìƒê°ë³´ë‹¤ ìž‘ì•„ì„œ ë¨¹ëŠ”ë° ì¡°ê¸ˆ ë¶ˆíŽ¸í–ˆìŠµë‹ˆë‹¤.

ë²¨ì´ ë”°ë¡œ ì—†ì–´ì„œ ì§ì›ë¶„ë“¤ì„ ê³„ì† ë¶ˆëŸ¬ì•¼í•´ì„œ ì¡°ê¸ˆ ê·€ì°®ì•˜ìŠµë‹ˆë‹¤.

ë‚¨ìžì§ì›ë¶„ì´ ë°”ë‹¥ì— íœ´ì§€ë¥¼ ì£¼ìš¸ë•Œë„ ìž¥ê°‘ë‚€ì±„ë¡œ ì£¼ì› ê³  ê³ ê¸° êµ¬ìš¸ë•Œ ìž¥ê°‘ì„ êµì²´í•˜ì§€ ì•Šì€ì±„ë¡œ í•´ì£¼ì…”ì„œ ì¡°ê¸ˆ ë¶ˆíŽ¸í–ˆìŠµë‹ˆë‹¤.

ì£¼ë§ ì˜¤í›„ì‹œê°„ëŒ€ì— ì•½ê°„ í•œì í•´ì„œ ì¢‹ì•˜ìŠµë‹ˆë‹¤.

ìœ„ìƒê³¼ ì„œë¹„ìŠ¤ ìª½ì€ ê°œì„ ì´ í•„ì—¬í•  ê²ƒ ê°™ìŠµë‹ˆë‹¤.",0
ë§¤ë²ˆ ëª¨ìž„ì´ ìžˆì„ë•Œ ë°©ë¬¸í•˜ëŠ”ë° ì´ë² ë¦¬ì½”ì™€ ë‹¤ë¥¸ê³³ì—ì„œëŠ” ë§›ë³¼ìˆ˜ ì—†ëŠ” ì†ŒìŠ¤ë“¤ì˜ ë§›ì´ ì¼í’ˆì¸ ê³³ìž…ë‹ˆë‹¤. ì„œë¹„ìŠ¤ë˜í•œ ì§ì›ë“¤ì´ ì§ì ‘ ê³ ê¸°ë„ êµ¬ì›Œì£¼ì‹œê³  ì¹œì ˆí•´ìš”,1
"ìƒê°ˆë¹„ëž‘ ëª©ì‚´ì´ ì¸ê¸°ì¸ë° ìƒê°ˆë¹„ê°€ ì§„ì§œ ë§›ìžˆì—ˆì–´ìš”! ì™€ì¸í•˜ê³  ê°™ì´ ë¨¹ëŠ”ê²Œ ì•ˆì–´ìš¸ë¦´ ê²ƒ ê°™ì•˜ëŠ”ë° ì •ë§ ì¢‹ì•˜ë„¤ìš” :)
ì¸í…Œë¦¬ì–´ë„ ê°€ì •ì§‘ ê°™ì´ íŠ¹ì´í•˜ê³  ëª¨ìž„ìž¥ì†Œë¡œ ì¢‹ì€ ê²ƒ ê°™ì•„ìš” ì˜ˆì•½í•˜ì‹œë©´ ì›¨ì´íŒ… ì—†ì´ ë¨¹ì„ ìˆ˜ ìžˆì–´ìš” ì¶”ì²œí•©ë‹ˆë‹¤",1
"ì •ë§ ë§›ìžˆì—ˆë‹¤. ìƒê°ˆë¹„ì‚´, ì´ë² ë¦¬ì½” ëª©ì‚´ ëª¨ë‘ í›Œë¥­í–ˆê³  ì™€ì¸ê³¼ë„ ìž˜ ì–´ìš¸ë ¸ë‹¤.",1
"ìž¬ë°©ë¬¸í•œê±°ì˜€ëŠ”ë° ë„˜ë„˜ ë§›ìžˆì–´ìš”
ìƒê°ˆë¹„, ëª©ì‚´, ëŠ‘ê°„ì‚´ ì–´ëŠ ë¶€ìœ„ í•˜ë‚˜ ì•„ì‰¬ìš´ ì  ì—†ì—ˆê³  ë°©ìš¸í† ë§ˆí†  êµ¬ì›Œë¨¹ì€ê±´ ì‹ ì˜í•œìˆ˜bb ì¡°ë§Œê°„ ë˜ ê°ˆ ê±° ê°™ì•„ìš” ã…‹ã…‹",1
ê³ ê¸°ë§›ìžˆê³  ì¶©ì „ê¸°ë„ í…Œì´ë¸”ì— ë¶™ì–´ìžˆê³  ì¹œì ˆí•˜ê³  ì¢‹ë„¤ìš”~ ë‹´ì—” ìƒ¹ê·¸ë¦¬ì•„ë„ ë§ˆì…”ë³´ê³  ì‹¶ì–´ìš” ë‹¤ë§Œ í™˜ê¸°ë§Œ ì¢€ë” ìž˜ë˜ë©´ ì¢‹ê² ì–´ìš”,1
ê°€ê²©ëŒ€ë¹„ ë§›ì´ë‚˜ ë¶„ìœ„ê¸° ëª¨ë‘ ìµœê³ ì˜€ìŠµë‹ˆë‹¤. ë¬´ì¡°ê±´ ê°•ì¶”!!,1
"ìƒê°ˆë¹„ì™€ ëª©ì‚´,ìƒ¹ê·¸ë¦¬ì•„ì™€ ë¹„ëƒ‰ ë§›ìžˆì—ˆì–´ìš”.
ë˜ê°€ë ¤êµ¬ìš”.",1
"ìƒê°ˆë¹„ëž‘ ëŠ‘ê°„ì‚´ ì£¼ë¬¸í•´ì„œ êµ¬ì›Œì£¼ì…¨ëŠ”ë° ë„ˆë¬´ ë§›ìžˆì—ˆìŠµë‹ˆë‹¤.
ë¶„ìœ„ê¸° ì¢‹ê³  ê³ ê¸°ë„ ë§›ìžˆê³  ì™€ì¸ë„ ê³ ê¸°ëž‘ ìž˜ ì–´ìš¸ë ¤ì„œ ë§Œì¡±í•œ ì‹ì‚¬ì˜€ìŠµë‹ˆë‹¤.",1
ë„ˆë¬´ ë§Œì¡±í•œ ì‹ì‚¬ì˜€ìŠµë‹ˆë‹¤,1
ì–¸ì œë‚˜ ë§Œì¡±..ì¹œì ˆí•œ ì„œë¹„ìŠ¤ê¹Œì§€..,1
"íšŒì‹ í•˜ì‹œëŠ”ë¶„ë“¤ì´ ë§Žì•„ì„œ ì¡°ê¸ˆ ì‹œë„ëŸ¬ì› ëŠ”ë° ì‹¬í•˜ì§„ ì•Šì•˜ì–´ìš” ê³ ê¸°ë„ ë§›ë‚˜ê³  ì•„ì£¼ ì¢‹ì•˜ì–´ìš”^^ ì°¨ëŒì´ë¼ ì—­ì‹œ ëŠë¼í–ˆëŠ”ë° ëª…ì´ ë‚˜ë¬¼ì´ëž‘ ë¨¹ìœ¼ë‹ˆ ì™„ì „  ê¿€ë§›! 
ë‹¤ êµ¬ì›Œ ì£¼ì‹œê³  ë„ˆë¬´ ì¢‹ì•˜ìŠµë‹ˆë‹¤~",1
ì¼ë‹¨ë“œì…”ë³´ì„¸ìš”,1
ë‹¤ë¥¸ì ì—ì„œ ë§›ìžˆê²Œë¨¹ê³  ë˜ìƒê°ë‚˜ì„œ ê°”ì—ˆëŠ”ë° ì²´ì¸ì ì´ë¼ê³ í•´ë„ ì²´ì¸ì ë§ˆë‹¤ í•´ì£¼ëŠ”ì‚¬ëžŒì—ë”°ë¼ ë§›ì´ í‹€ë¦¬ë‹¤ëŠ”ê±¸ ì•Œê²Œë˜ì—ˆë„¤ìš”. í˜¸í…”ì—ì„œ ê°€ê¹Œì›Œì„œ ê°„ê±´ë° ê¸°ë³¸ë§Œë¨¹ê³  ë‹¤ë¥¸ì ê°€ì„œ ë‹¤ì‹œ ë¨¹ì—ˆì–´ìš”.,0
"ì—­ì‹œ ë§›ì§‘ì´ë¼ ì •ì‹ ì—†ì—ˆì§€ë§Œ
ë§›ì€ í™•ì‹¤í•˜ë„¤ìš”~!",1
"ë§›ìžˆì—ì–´ìš” ë˜ ê°ˆê²Œìš”.
ë³¶ìŒë°¥ì— ëœìž¥ì°Œê°œ ì ì…”ë¨¹ìœ¼ë©´.ì§±ðŸ‘ðŸ»ðŸ‘ðŸ»
ë¹„ëƒ‰ í•µì§±ì§±ë§›",1
ë§›ìžˆê²Œ ìž˜ ë¨¹ìŒ!,1
ë„ˆë¬´ë§›ìžˆì–´ìš”,1
ì œê°€ ë°©ë¬¸í–ˆì„ ë•ŒëŠ” ì‚¬ëžŒ ì—†ì–´ì„œ ê·¸ëŸ°ì§€ ì—¬ìœ ë¡­ê²Œ ìž˜ ë¨¹ì—ˆìŠµë‹ˆë‹¤. ì—­ì‹œ ë§›ìžˆì–´ìš”ã…Žã…Žã…Ž,1
"ë§›ìžˆë„¤ìš”
ë‚˜ì¤‘ì— ì‚¼í•© êµ¬ì›Œì£¼ì‹œë˜ ë‚¨ìžë¶„ì€ ê³ ê¸°ë¥¼ ë‹¤ íƒœìš°ì…”ì„œ ì¢€ ë¶ˆíŽ¸,,, í™€ë³´ì‹œëŠ” ì´ëª¨ë‹˜ ìŠ¤í‚¬ì´ ìµœê³ ì‹ ë“¯",1
í•­ìƒ ë§Œì¡±í•©ë‹ˆë‹¤.,1
ì—¬ê¸° ì†Œê³ ê¸°ëŠ” ì •ë§ ë§›ìžˆìŠµë‹ˆë‹¤,1
"ì •ë§ ë§›ìžˆê²Œ ìž˜ ë¨¹ì—ˆìŠµë‹ˆë‹¤!
ê°ì‚¬í•©ë‹ˆë‹¤.",1
"ì²´ì¸ì  ë§Žì´ ìƒê¸°ê¸°ì „ë¶€í„° ë‹¤ë‹Œ ì‚¬ëžŒì¸ë°ìš”.
ê³ ê¸°ê°€ ì˜ˆì „ê°™ì§€ ì•Šì€ê²ƒ ê°™ì•„ìš”
ìµœê·¼ 1ë…„ ì‚¬ì´ì— ê³ ê¸°ì§ˆì´ ì¢€ ë–¨ì–´ì§€ê³ ,
ìž¥ì•„ì°Œ êµ­ìˆ˜ë„ ë§›ì´ ì¢€ ë³€í–ˆì–´ìš”. 
ë°˜ì°¬ë„ ë¯¸ë¦¬ ì•ˆë§Œë“¤ê³  ë§‰ í•´ì£¼ì…¨ëŠ”ë°.. ë¯¸ë¦¬ í•´ë‘ì‹ ê±°ì²˜ëŸ¼ ë§ë¼ê³  ë‚˜ì™€ì„œ ì¢€ ì‹¤ë§í–ˆì–´ìš” ì´ë²ˆì—ëŠ”",0
"ì§€ê¸ˆê¹Œì§€ ì´ëŸ° ë§›ì€ ì—†ì—ˆë‹¤.
ê³ ê¸° ì¢‹ê³  ìœ¡ì‚¬ì‹œë¯¸ êµ­ìˆ˜ ì°Œê°œ ê³¤ë“œë ˆë°¥ ì „ë¶€ ë‹¤ ê´œì°®ê³ , ì½œí‚¤ì§€ í”„ë¦¬, ì ë¦½ë„ ëœë‹¤ëŠ” ì ~~!",1
"30ë¶„ ë„˜ê²Œ ê¸°ë‹¤ë ¸ëŠ”ë° ê¸°ë‹¤ë¦¬ê¸¸ ìž˜í–ˆì–´ìš”!!
ê³ ê¸°ë„ ê³ ê¸°ì§€ë§Œ ìž¥ì•„ì°Œ êµ­ìˆ˜ì™€ ê³¤ë“œë ˆë°¥ë„ ë³„ë¯¸ë„¤ìš”^^ ì§ì›ë¶„ë“¤ë„ ì¹œì ˆí•˜ê³  ìŒì‹ë„ ë§›ìžˆê³  ë§¤ìš° ë§Œì¡±í•˜ë©° ëŒì•„ì™”ì–´ìš”",1
ì†Œê³ ê¸° ì§„ì§œ ë§›ìžˆì–´ìš”,1
ë§›ìžˆê³  ì¹œì ˆí•©ë‹ˆë‹¤.ë˜ê°ˆê»˜ìš§,1
ë²Œì¨ ì„¸ë²ˆì§¸ ë°©ë¬¸ì¸ë° ì–¸ì œ ë¨¹ì–´ë„ ë„ˆë¬´ ë§›ìž‡êµ¬ ë°”ìœì‹œê°„ì— ê°€ë„ ì¹œì ˆí•˜ì…”ì„œ ì¡°ì•„ìš¤ :),1
ë„ˆë¬´ë§›ìžˆì—ˆì–´ìš©ã…‹ã…‹,1
ìœ ëª…í•œ ì´ìœ ê°€ ìžˆë„¤ìš”! ëŠ¦ì€ ì‹œê°ì—ë„ ì‚¬ëžŒ ì—„ì²­ ë§Žì•„ì„œ ë†€ë¼ê³  ë§›ì— ë‘ë²ˆ ë†€ëžì–´ìš”! ìžê¾¸ ìƒê°ë‚˜ëŠ” ë§›ì´ì—ìš”!,1
"ì°¨ëŒ, ê´€ìžì— ë­˜ ì–¹ì–´ë„ í•˜ë‚˜ê°™ì´ ì°°ë–¡ê¶í•©!
ë°¥ì£¼ì •ì´ ìˆ˜ê¸ë˜ëŠ” ì „ì°¸ì‹œ ì´ì˜ìž ë§›ì§‘",1
"ì§ì›ë¶„ë“¤ì´ ì—„ì²­ ì¹œì ˆí•˜ì…¨ì–´ìš”
ì²˜ìŒ ë°©ë¬¸ì¸ë° ì§ì ‘ êµ¬ì›Œì£¼ì‹œë©´ì„œ
ë¨¹ëŠ” ë°©ë²• ìžì„¸í•˜ê²Œ ì„¤ëª…í•´ì£¼ì…¨ëŠ”ë°
ë„ˆë¬´ë„ˆë¬´ ë§›ìžˆì—ˆìŠµë‹ˆë‹¤.
ìž¬ë°©ë¬¸í•˜ê² ìŠµë‹ˆë‹¤. ê°ì‚¬í•´ìš”!",1
"ë¶„ìœ„ê¸°ë„ì¢‹ê³  ê³ ê¸°ë„ë§›ìžˆì–´ìš”.
ì§ì›ë“¤ë„ ì¹œì ˆí•©ë‹ˆë‹¤.",1
"ë¸”ë¡œê·¸ë³´ê³  ì˜ˆì•½í•´ì„œ ê°”ì–´ìš”..
ëŒ€ë¶€ë¶„ ë¸”ë¡œê·¸ëŠ” ê´‘ê³ ê°€ ë§Žì€ë° ì—¬ê¸° ëª©ì‚´ì€ ë¸”ë¡œê·¸ì— ë‚˜ì˜¨ê²ƒì²˜ëŸ¼ ì§„ì§œ ë§›ì´ìžˆë„¤ìš”...ê°ì¹ ë§›ì´ëž„ê¹Œ...ã…‹ã…‹
ì²¨ìœ¼ë¡œ ë¨¹ì–´ë³¸ ëª©ì‚´ë§›ì´ì—ˆì–´ìš”.,.
í›„íšŒì—†ëŠ” ì„ íƒì´ì—ˆìŠµë‹ˆë‹¤^^
ê°•ì¶”!!!!",1
"ëª©ì‚´ì´ ë¶€ë“œëŸ¬ìš¸ìˆ˜ìžˆë‹¤ë‹ˆ ã… ã…  í½í½í•œê±° ì¼ë„ ì—†ì´ ìœ¡ì¦™ê°€ë“ JMT
ë°”ëžŒë¶ˆì–´ë„ ëƒ‰ë©´ì„ í¬ê¸°í• ìˆ˜ëŠ” ì—†ì–´ìš”~",1
"ì •ìœ¡ì™• ë¸”ë¡œê·¸ ë³´ê³  ì™”ëŠ”ë°
ëª©ì‚´ì´ ê·¸ë ‡ê²Œ ë§›ìžˆë‹¤ê³ í•´ì„œ ë¨¹ì—ˆëŠ”ë°
ë¨¹ì–´ë³¸ ëª©ì‚´ì¤‘ì— ì œì¼ ë§›ìžˆê³  ë¶€ë“œëŸ½ìŠµë‹ˆë‹¤!!
ì¶”ì²œë“œë ¤ìš”~",1
ê³ ê¸°ëŠ” ë§›ìžˆìŠµë‹ˆë‹¤. ìˆœí™˜ìœ¨ì´ êµ‰ìž¥ížˆ ì¢‹ì€ ê³³ì´ë¼ ì˜ˆì•½í•˜ê¸°ì—” ë§Žì´ ë¶€ë‹´ìŠ¤ëŸ½ë„¤ìš”. ì£¼ë¬¸ì— ëŒ€í•œ ì••ë°•ì´ ëŠìž„ì—†ì´ ì˜µë‹ˆë‹¤. ëŒ€í™”í•˜ê¸°ì— ì¡°ê¸ˆ ì‹œë„ëŸ¬ìš´ ë¶€ë¶„ë„ ìžˆêµ¬ìš”.,0
í•œìš° ë§›ìžˆì—ˆì–´ìš”ã…Žã…Žã…Ž,1
"êµ¬ì›Œì£¼ëŠ” ê¹€ì¼ë„ ê°œì¡´ë§› ~ 
ì°ì–´ë¨¹ì„ ê²ƒ, ì‹¸ë¨¹ì„ ê²ƒ ë‹¤ì–‘í•˜ê²Œ ì¤˜ì„œ ì¢‹êµ¬
ê³ ê¸°ë§Œ ë¨¹ì–´ë„ ë§›ìžˆêµ¬",1
"ê³ ê¸°ë§›ìž‡ê³ , ì´ˆë²Œë¡œ êµ¬ì›Œì¤˜ì„œ íŽ¸í•©ë‹ˆë‹¤
ê·¸ë¦¬ê³  ì†Œì„¸ì§€ê°€ ì—„ì²­ ë§›ìž‡ì–´ìš”!ã…‹ã…‹ã…‹ã…‹",1
ë§›ìžˆì—ˆì–´ìš” ë‹¤ì–‘í•œë¶€ìœ„ë¥¼ ì¦ê¸¸ìˆ˜ ìžˆì–´ìš”,1
"ê³ ê¸° ì§„ì§œ ë§› ìžˆë„¤ìš”
ì½œí‚¤ì§€ëŠ” ë³‘ë‹¹ 1.5 - 2 ìž…ë‹ˆë‹¤.",1
"ë§›ì´ì¢‹ì•„ ê°€ì„±ë¹„ êµ³~~ì„œë¹„ìŠ¤ëŠ” ê¸€ìŽ„~ì•Œë°” ë¶„ë“¤ì€ ì„œë¹„ìŠ¤ë§ˆì¸ë“œ êµìœ¡ í•„ìš”í• ë“¯~ì‹œë„ëŸ¬ìš´ê²ƒë„ ë‹¨ì ~6ëª… ì˜ˆì•½í–ˆëŠ”ë° 4ëª… ì˜ˆì•½ë˜ì–´ìžˆê³ , ì„¸ì‹¬í•¨ë„ ë–¨ì–´ì§.",0
ë§›ìžˆê²Œ ë¨¹ì—ˆìŠµë‹ˆë‹¤,1
"ì €ë²ˆì—ë„ ìŒì‹ ë„ˆë¬´ ì¢‹ì•„ì„œ ë˜ ì˜ˆì•½í•˜ê³  ê°”ì–´ìš”~ 
í™•ì‹¤ ížˆ ë„¤ì´ë²„ ì˜ˆì•½ í•˜ê³  ê°€ë‹ˆê¹ ìžë¦¬ë„ ì¢‹ì€ ìžë¦¬ ì£¼ì‹œê³ ,, ë‹¤ìŒì— ë˜ ëª¨ìž„ìžˆì„ë–„ ê°€ì•¼ê² ì–´ìš”.
ìŒì‹ì´ëž‘ ë¶„ìœ„ê¸°ëŠ” ì¢‹ì€ë°.. ì¡°ê¸ˆ ì‹œë„ëŸ¬ì›Œì„œ... ì–¸ëŠ¥ ë°¥ë¨¹ê³  ì´ì•¼ê¸°ëŠ” ë‹¤ë¥¸ë°ì„œ í•´ì•¼ê² ì–´ìš” ã…Žã…Ž",1
ì§„ì§œ ë§›ìžˆì–´ìš”,1
íƒ€  ì§€ì ì— ë¹„í•´ ì§ì ‘ êµ¬ì›Œì£¼ì§€ì•ŠëŠ” ë©”ë‰´ë„ ìžˆê³  ì¹œì ˆë„ë„ ë§Žì´ ë–¨ì–´ì§,0
ë„ˆë¬´ ë§›ìžˆê³  ì„œë¹„ìŠ¤ë„ ì¢‹ì•˜ìŠµë‹ˆë‹¤,1
ìˆ˜ì œì†Œì„¸ì§€ ëŒ€ì¡´ë§›...,1
"ì—­ì‹œ ëŠ˜ ê°€ëŠ” ì´ìœ ê°€ ìžˆëŠ” ì§‘ìž…ë‹ˆë‹¤.
ê³ ê¸°ë„ ìž˜ êµ¬ì›Œì£¼ì‹œê³  ì„œë¹„ìŠ¤ë„ ì¢‹ê³ , ë¬´ì—‡ë³´ë‹¤ ë§›ì´ ì¢‹ì£  : ) 
í›„ì‹ìœ¼ë¡œ ë¨¹ì€ ì²­êµ­ìž¥ ì§„ì§œ ë§›ìžˆì—ˆì–´ìš”.",1
ì„œì´ˆë™ì—ì„œ ì´ë§Œí•œ ê°€ì„±ë¹„ìžˆëŠ” ì‚¼ê²¹ì‚´ì§‘ì´ ìžˆì„ê¹Œìš”? ëŠ˜ ë§›ë‚˜ê²Œ ë¨¹ê³  ì˜¤ë„¤ìš”,1
"ë„ˆë¬´ë§›ìžˆê³  ì¹œì ˆí•˜ê²Œ ìž˜êµ¬ì›Œì£¼ì…¨ì–´ìš”~~ë‹¤ì¢‹ì€ë° ì˜ˆì•½í•˜ê¸°íž˜ë“¤ì–´ì„œ ë³„í•œê°œë¹¼ìš”ã… 
ì˜ˆì•½ëª‡ë²ˆì„ëª»í–ˆë‹¤ê°€ ì–´ì œ ë“œë””ì–´ ë‹¤ë…€ì™”ì–´ìš” ã…Žã…Žã…Ž
ìˆ˜ì œì†Œì‹œì§€ ì§„ì§œë§›ìžˆì–´ìš”~!!!!!",1
"ê¹€ì¼ë„ ì‚¬ëž‘í•´ìš”!
ë„ˆë¬´ë§›ìžˆìž–ì•„ ã… ã… ã… ã… ã… ã… ã… ã… ",1
"ê³ ê¸° í€„ë¦¬í‹°ê°€ ì¢‹ì•„ìš”ã…Žã…Ž
ë¬´ì—‡ë³´ë‹¤ ì§ì›ì´ ê³ ê¸°ë¥¼ êµ¬ì›Œì¤˜ì„œ ë¨¹ê¸°íŽ¸í•¨!!
ì•Œë ¤ì£¼ëŠ”ëŒ€ë¡œ íŠ¹ì œì†ŒìŠ¤ì— ê³ ê¸°ë¥¼ ì°ì–´ì„œ ì‹¸ë¨¹ìŒ jmtðŸ‘ðŸ»",1
"ì§ì›ë¶„ë“¤ ì¹œì ˆí•˜ì‹œê³  
ì—¬ëŸ¬ê°€ì§€ ì¡°í•©ìœ¼ë¡œ ê³ ê¸°ë¥¼ ë§› ë³¼ ìˆ˜ ìžˆì–´ ì•„ì£¼ ì¢‹ì•˜ì–´ìš©! ë„ˆë¬´ ë§›ìžˆì–´ìš” :D",1
"ì²˜ìŒ í•˜ë‚¨ì§‘, ì´ì¸µì§‘ì—ì„œ ê³ ê¸° ë¨¹ì—ˆì„ ë•Œ ì²˜ëŸ¼ íŠ¹ì´í–ˆê³  ë§›ìžˆë‹¨ ì†Œë¦¬ê°€ ì ˆë¡œ ë‚˜ì™”ìŠµë‹ˆë‹¤~
ìŒˆ ì±„ì†ŒëŠ” ì—†ì—ˆì§€ë§Œ ê³ë“¤ì—¬ ë¨¹ì„ ê°ì¢… ì†ŒìŠ¤ì™€ ë‚˜ë¬¼, êµ­ë¬¼ì€ ì •ë§ ë§›ìžˆìŠµë‹ˆë‹¤.
ì•„ì‰½ë‹¤ë©´ ê³ ê¸°ë¥¼ êµ¬ì›Œ ì£¼ì‹œëŠ” ë¶„ì— ë”°ë¼ êµ½ê¸° ì •ë„ê°€ ë‹¬ë¼ ì”¹ëŠ” ë§› ìžì²´ê°€ ë‹¬ë¼ì§‘ë‹ˆë‹¤.
ì£¼ë¬¸ì´ ë¶ë²¼ ë°”ì  ë• ë¶ˆíŒì˜ ê³ ê¸°ê°€ ë°©ì¹˜ë˜ê¸°ë„ í•˜ë„¤ìš”. ã… ã… (ë‹µë‹µí•˜ë©´ ì•Œì•„ì„œ í•˜ì‹œê¸¸ ã…‹)
ë¬¼ë¡  ì´í•´í•  ìˆ˜ ìžˆëŠ” ìˆ˜ì¤€ì´ì§€ë§Œ êµ³ì´ ì•„ì‰¬ìš´ ì ì„ ì°¾ìžë©´ ì„œë¹„ìŠ¤ìž…ë‹ˆë‹¤.
ê·¸ëŸ¼ì—ë„ ë¶ˆêµ¬í•˜ê³  ì €í¬ëŠ” ìœ ì¾Œí•œ íšŒì‹ ìžë¦¬ë¥¼ ê°€ì¡Œë‹µë‹ˆë‹¤~!",1
"íŠ¹ìˆ˜ë¶€ìœ„ëŠ” ì¤€ë¹„ê°€ ì•ˆëë‹¤ê³  í•˜ì…”ì„œ ê¹€ì¼ë„ í•œíŒìœ¼ë¡œ ë¨¹ì—ˆëŠ”ë° ë„ˆë¬´ë„ˆë¬´ ë§›ìžˆì—ˆì–´ìš”. ì£¼ë¨¹ê³ ê¸°, ê°ˆë§¤ê¸°ì‚´, ì‚¼ê²¹ì‚´, ëª©ì‚´, ìˆ˜ì œì†Œì„¸ì§€ êµ¬ì„±ì´ì—ˆëŠ”ë° ê³ ê¸°ë“¤ì´ í•˜ë‚˜ê°™ì´ ë‘íˆ¼í•˜ê³  ë¶€ë“œëŸ¬ì›Œì„œ ìœ¡ì¦™íŒ¡íŒ¡ì´ì—ˆìŠµë‹ˆë‹¤. ì†Œì„¸ì§€ë„ ì†ŒìŠ¤ì°ì–´ ë¨¹ì„ ë• ëª°ëžëŠ”ë° ê·¸ëƒ¥ ë¨¹ìœ¼ë‹ˆ ì–‘íŒŒë§›ì´ ë§Žì´ ë‚˜ë©´ì„œ ë§›ìžˆì—ˆì–´ìš”. ê³ ê¸°ëŠ” ê³„ì† êµ¬ì›Œì£¼ì…”ì„œ íŽ¸í•˜ê²Œ ìž˜ ë¨¹ì—ˆìŠµë‹ˆë‹¤. ì‚¬ì´ë“œë„ ê±°ì˜ ì¢…ë¥˜ë³„ë¡œ ë¨¹ì–´ë´¤ëŠ”ë°, ë¶ˆë‹­ë°œ ë²„í„°ë°¥ì€ ë§›ì€ ìžˆì§€ë§Œ ì „í˜€ ë§µì§€ ì•Šì•˜ê³ , ì†í’€ì´ê°œë°¥ì€ ì§­ìž˜í•˜ê²Œ ìƒê²¼ëŠ”ë° ë¨¹ì–´ë³´ë©´ ì „í˜€ ì•ˆì§œê³  êµ­ë¬¼ì´ ì§„í–ˆìŠµë‹ˆë‹¤. ì €í¬ ê°€ì¡±ìž…ì—ëŠ” ì²­ì–‘ê³ ì¶” í•˜ë‚˜ ì •ë„ ë” ë“¤ì–´ê°€ë©´ ì¢‹ê² ë‹¤ ìƒê°í–ˆì–´ìš”. ëƒ‰ë©´ì€ ë§›ë³´ê¸°ëƒ‰ë©´ì´ê³ , ë§›ì€ ì˜ì˜ì¸ë° ëƒ‰ë©´ì´ë¼ê¸° ë³´ë‹¤ëŠ” ë§‰êµ­ìˆ˜ ê°™ìŠµë‹ˆë‹¤. ì €í¬ ê°€ì¡±ì€ ì „ì²´ì ìœ¼ë¡œ ë‹¤ ë§›ìžˆê²Œ ë¨¹ì—ˆê³ , ë™ë„¤ë¼ ìžì£¼ ë°©ë¬¸í•  ê²ƒ ê°™ì•„ìš”ðŸ‘",1
"ì§„ì§œ,,.ë„ˆì–´ì–´ì–´ë¬´ë§›ìžˆì—ˆì–´ìš”
ëœìž¥ë¼ë©´ê°œë°¥ë„ ì‹ ì„  ã…Žã…Ž",1
ì¢‹ì•„ìš”~ í‰ì¼ì¸ë°ë„ ì‚¬ëžŒì´ ë§Žì•„ì„œ ì˜ˆì•½ì•ˆí–ˆìœ¼ë©´ í´ë‚ ë»”...,1
"ì—„ë§ˆëž‘ ë°©ë¬¸í–ˆìŠµë‹ˆë‹¤.
ì™„ì „ ìž˜ ë¨¹ê³  ì™”ê³ ìš”! ê³ ê¸°ëž‘, ì†Œê¸ˆì´ëž‘ë„ ìž˜ ì–´ìš¸ë¦¬ê³  ê·¸ ì™¸ì— ê²‰ì ˆì´ë“¤ë„ ë‹¤ ë©‹ìžˆì—ˆì–´ìš”!!

ê³¤ë“œë ˆë°¥ì´ëž‘ ë¨¹ì–´ë„ ìµœê³ !",1
ê³ ê¸°ê°€ ì§„ì§œ ë¶€ë“œëŸ½ê³  ë§›ìžˆì—ˆì–´ìš”. ìž¥ì•„ì°Œ êµ­ìˆ˜ë„ ë‹¤ë¥¸ê³³ì—ì„œ ë¨¹ì–´ë³¼ìˆ˜ ì—†ëŠ” íŠ¹ë³„í•œ ë§›. ë‹¤ ë§Œì¡±ì´ì—¬,1
"ì›ëž˜ ë‹¤ë‹ˆëŠ” ì‹ë‹¹ì´ì—ìš”
ì–´ì œëŠ” ìœ ë… ê³ ê¸° í€„ë¦¬í‹°ê°€ ë” ì¢‹ì•„ì„œ ì§„ì§œ ë§›ë‚˜ê²Œ ë¨¹ì—ˆì–´ìš” 
ë³´í†µì€ ë‘˜ì´ê°€ì„œ ë¨¹ê³ í”ˆê±° ë‹¤ ëª»ë¨¹ëŠ”ë°
ì–´ì œëŠ” ì…‹ì´ê°€ì„œ ìœ¡ì‚¬ì‹œë¯¸ì„œë¶€í„° ê³ ê¸°ëŠ” ë¬¼ë¡  ì°Œê°œì— ì§±ì•„ì°Œ êµ­ìˆ˜ê¹Œì§€ ë‹¤ ë¨¹ì–´ì„œ ë” ë§Œì¡±í–‡ì–´ìš” :)",1
ì˜¤ëžœë§Œì— ì œëŒ€ë¡œ ë§›ìžˆëŠ” ì†Œê³ ê¸°ë¥¼ ë¨¹ì—ˆë„¤ìš”~,1
ëŠ˜ ë¯¿ê³  ë¨¹ëŠ” ê³³ì´ì—ìš” ì§„ì§œ ì¡´ë§›!!,1
"ê°€ê¹Œìš´ê³³ì— ê³ ê¸°ì¢‹ì€ ì¹ ë°±ì‹ë‹¹ì´ ìžˆì–´ ì¢‹ì•„ìš” ^^
ë‹¤ë¥¸ì§€ì ë„ ê°€ë´¤ëŠ”ë° ì—­ì‹œ ë¯¿ê³ ê°€ëŠ” ì‹ë‹¹ìž…ë‹ˆë‹¤. ì§±ì•„ì°Œêµ­ìˆ˜ ì •ë§ ìµœê³ ì—ìš” !!",1
ì¹œì ˆí•˜ê³ ë§›ìžˆëŠ” ì¹ ë°±ì‹ë‹¹,1
"í•œìš°ì „ë¬¸ì ì´ë¼ ê·¸ëŸ°ì§€ ê³ ê¸°ê°€ ì •ë§ ë§›ìžˆë”ë¼êµ¬ìš”^^
ìœ¡ì‚¬ì‹œë¯¸ëŠ” ê³ ì†Œí•œ ì–‘ë…ìž¥ì— ì½• ì°ì–´ë¨¹ê³ 
í•œìš°ëª¨ë“¬ì€ ì•ˆì°½ì‚´. ê°ˆë¹„ì‚´. ì‚´ì¹˜ì‚´ì´ ë‚˜ì™€ì„œ
ê³¨ë¼ë¨¹ëŠ” ìž¬ë¯¸ê°€ ìžˆì–´ìš©ã…Žã…Žã…Ž
í›„ì‹ìœ¼ë¡œ ì§±ì•„ì°Œêµ­ìˆ˜ëž‘ ê³¤ë“œë ˆë°¥ ì™„ì „ ìµœê³ ì—ìš”
í›„ì‹ë§Œ ë”°ë¡œ ë¨¹ìœ¼ëŸ¬ ê°€ê³ í”Œì •ë„?ã…‹ã…‹",1
ë„ˆë¬´ ë§›ìžˆì–´ìš”ã…Žã…Ž ì½œí‚¤ì§€í”„ë¦¬ë¼ ì™€ì¸ ê°€ì ¸ê°€ì„œ ë¨¹ì—ˆìŠµë‹ˆë‹¤. ê³ ê¸°ë„ ì‹ ì„ í•˜ê³  ìž¥ì•„ì°Œ êµ­ìˆ˜ì™€ ê¶í•©ë„ êµ¿ ã…Žã…Ž ì²­ê²°ë„ ì„œë¹„ìŠ¤ê¹Œì§€ ë§Œì¡±ìž…ë‹ˆë‹¤ ã…Žã…Ž,1
clsì¹œì ˆí•˜ê³  ë§œë‚˜ìš”,1
clwswjfì¹œì ›í•˜ê³  ë§›ë‚˜ìš”,1
ì¹œì ˆí•˜ê³  ë§œë‚˜ìš”,1
ì¹œì ˆí•˜ê³  ìŒì‹êµ¿,0
ë„ˆë¬´ ë§›ìžˆê³  ì¹œì ˆí•˜ê³  ìž˜ êµ¬ì›Œì£¼ì…”ì„œ ì¢‹ì•˜ìŠµë‹ˆë‹¤. ê°ì‚¬í•©ë‹ˆë‹¤.,1
ì¢‹ìŒã…‡ã…‡ã…‡ã…‡ã„¹ã„¹ã„¹ã„¹ã„¹ã„¹ã„¹ã„¹ã„¹ã„¹ã„¹ã„¹ã„¹ã„¹ã„¹ã„¹ã„¹ã„¹ã„¹ã„¹ã„¹ã„¹,1
ë§›ìžˆì—ˆì–´ìš”. ì¡°ê¸ˆë§Œ ë” ì¹œì ˆí•˜ì‹¬ ì¢‹ì„ê²ƒ ê°™ì•„ìš”,1
ê°€ë§ˆê³¨ê°ˆë¹„ì™€ ì†¡ì¶”ê°ˆë¹„ë¥¼ ë¨¹ì—ˆëŠ”ë° ê³ ê¸°ë¥¼ êµ¬ìš¸ë•Œ ë”°ë¡œ êº¼ë‚´ë†“ìœ¼ì…”ì„œ ê¸ˆë°©ì‹ì—ˆê³  ë¼ˆ ë¶™ì–´ìžˆëŠ” ë¶€ìœ„ì—ì„œ ê³ ê¸°ë¹„ë¦°ë‚´ê°€ ë‚¬ìŠµë‹ˆë‹¤. ì–‘ë…ë„ ë„ˆë¬´ ì§œê³  ê³ ê¸°ë„ ì§ˆê¸´ íŽ¸ì´ì—ˆìŠµë‹ˆë‹¤. ì„œë²„ë“¤ì˜ ì„œë¹™ë„ ìµìˆ™ì§€ ì•Šê³  ë§¤ìž¥ì´ ì „ë°˜ì ìœ¼ë¡œ ì–´ìˆ˜ì„  í–ˆì–´ìš”. ê¸°ëŒ€ë¥¼ ê°€ì§€ê³  ë°©ë¬¸í•œê±´ë° ë„ˆë¬´ ì‹¤ë§ìŠ¤ëŸ½ë„¤ìš”. ë³„ í•œê°œë„ ì•„ê¹ìŠµë‹ˆë‹¤.,0
ì˜ˆì•½í•˜ê³  ê°€ë‹ˆ ë„˜ íŽ¸ì•ˆí•˜ê³  ë§›ë„ ì¢‹ì•˜ì–´ìš” ìž¬ë°©ë¬¸ì˜ì‚¬ ìžˆìŠµë‹ˆë‹¤,1
ìŠ¤í…ë¶„ë„ ì¹œì ˆí•˜ì…¨ê³   ê³ ê¸°ë‚˜ ë°˜ì°¬ì´   ê¹”ë”í•˜ê³  ë§›ìžˆì—ˆì–´ìš”    ì¹œêµ¬ì™€ì˜ ë§Œë‚¨ì´ ì¦ê±°ì› ìŠµë‹ˆë‹¤    ë‹¤ë“¤ ê°€ì¡±ë“¤ê³¼ ìž¬ë°©ë¬¸í•˜ê² ë‹¤ê³  í•˜ë„¤ìš”~~  ì™€ì¸ì„ ê°€ì ¸ê°”ëŠ”ë°  ì„œë¹„ìŠ¤ ìž˜ í•´ì£¼ì…”ì„œ ëª¨ìž„ì´ ë”ìš± ì¢‹ì•˜ìŠµë‹ˆë‹¤ ê°ì‚¬í•©ë‹ˆë‹¤,1
ë¶„ìœ„ê¸°ë„ ê´œì°®ê³  ê³ ê¸° í€„ë¦¬í‹°ë„ ì¢‹ê³  ì „ë°˜ì ìœ¼ë¡œ ë§Œì¡±í–ˆì–´ìš”. ì•„ì‰¬ìš´ê±´ ë°˜ì°¬ ì¢…ë¥˜ê°€ ì ì—ˆì–´ìš”~,1
"ê³ ê¸°ê°€ ë„ˆë¬´ë„ˆë¬´ ë§›ìžˆì—ˆìŠµë‹ˆë‹¤
í•œìš°ì™€ ë†€ê³ ì˜¨ ê¸°ë¶„ì´ëž„ê¹Œ? ã…Žã…Ž
ë§›ë‚œ í•œìš°ê¹€ì¹˜ì°Œê²Œ ì •ë§ ìµœê³ ìž…ë‹ˆë‹¤
ìžì£¼ ì°¾ì•„ëµ™ê² ìŠµë‹ˆë‹¤",1
ì˜¤ëžœë§Œì— ìƒê°ë‚˜ì„œ ë“¤ë ¤ë³¸ ìœ¡ë•ë“±ì‹¬! ê°„ë§Œì— ê°€ë‹ˆ ì´ëª¨ë‹˜ë„ ë°˜ê²¨ì£¼ì‹œê³  ì™€ì¸í•œë³‘ ì„œë¹„ìŠ¤ ë°›ì•˜ë„¤ìš”...ã…‹ã…‹ã…‹ã…‹ ì˜¬ë•Œë§ˆë‹¤ ìž˜ì±™ê²¨ì£¼ì…”ì„œ ì •ê²¨ìš´ëŠë‚Œì•ˆê³  ì˜µë‹ˆë‹¤. ì˜¤ëŠ˜ì‹ì‚¬ë„ ì—­ì‹œ ë§›ìžˆì—ˆêµ¬ìš”. ì—­ì‹œ ì˜¬ë•Œë§ˆë‹¤ ë§Œì¡±í•˜ê³  ê°€ëŠ”ê²ƒê°™ìŠµë‹ˆë‹¤. ë˜ì˜¬ê²Œìš”~^^,1
ë§›ìžˆëŠ” ê³ ê¸°ì™€ ì™€ì¸ ë§ˆë¦¬ì•„ì¥¬ ì¢‹ì•˜ìŠµë‹ˆë‹¤ ë­‰íƒœê¸° ëª»ë¨¹ì€ê²Œ ì•„ì‰½ë„¤ìš”,1
ë§Žì´ì¢‹ì•˜ìŠµë‹ˆë‹¤,0
"ì—¬ê¸´ ë¬´ì¡°ê±´ ì„¸íŠ¸ë¥¼ êµ¬ìž…í•´ì•¼ í•˜ëŠ”ê²Œ ìžˆëŠ”ë° ê·¸ê²Œ ë§¤ìš° ì•…ìˆ˜ì¸ë“¯... ëˆì„ ë²Œê³ ìž í•˜ëŠ” ì „ëžµì´ ë§¤ìš° ë…¸ê³¨ì ìž„. ë§›ì€ ë‚˜ì˜ì§„ ì•Šìœ¼ë‚˜, ëˆ ë§Žì´ ì“¸ ìƒê°í•˜ê³  ì™€ì•¼ í• ë“¯..",0
ì•ˆì‹¬ì´ ì§„ì§œ ë¶€ë“œëŸ¬ì›Œìš”,1
"ë©”ë‰´íŒì¢€ ë³´ê³  ì£¼ë¬¸í•˜ë ¤ëŠ”ë°,
ìžê¾¸ ì•ˆì‹¬ë“±ì‹¬ ì„¸íŠ¸ë¥¼ íŒ”ë ¤ëŠ” ê°•ë§¤ ì „ëžµ.
ë©”ë‰´íŒì¢€ ë³´êµ¬ ë§ì”€ë“œë¦´ê»˜ìš”ë¥¼ 5ë²ˆì€ ë§í•œë“¯.
ë­í•˜ì‹œëŠ”ê±°ì£ ?",0
"ì„œë¹„ìŠ¤ì™€ ê³ ê¸°ì˜ í’ˆì§ˆì´ ì¢‹ì•˜ê³ 
ì½”í‚¤ì§€ í”„ë¦¬ì—¬ì„œ ë” ë§Œì¡±í–ˆìŠµë‹ˆë‹¤",1
ë§›ìžˆì–´ìš”!,1
ê°€ê²©ëŒ€ë¹„ ì–‘ì´ ë§Žì§€ëŠ” ì•Šì§€ë§Œ ë§›ì€ ìžˆìŠµë‹ˆë‹¤,1
ë…íŠ¹í•˜ê³  ë ˆíŠ¸ë¡œí•œ ë§›ì§‘. ìŠ¤ì›¨ í’ë§Œ...ì˜ìžë§ˆì € ë§˜ì— ë“¤ì–´ìš”.,1
ë„ˆë¬´ë§›ìžˆì—ˆë„¤ìš”..íŠ¹ížˆ ê·¸ ë…¸ë¥¸ìž í™”ì±„ã… ã… ,1
ê°’ ì‹¸ê³  ì¦ê²ê²Œ,1
ê³ ê¸°ë„ ê´œì°®ê³  ë°˜ì°¬ë„ ë§›ìžˆì—ˆì–´ìš” ì§‘ì´ëž‘ ê°€ê¹Œìš°ë©´ ë‹¨ê³¨í• ê±°ê°™ì•„ìš”^^,1
"ì‚¼ê²¹ì‚´ë„ ë§›ìžˆëŠ”ë° íŒŒì±„ ì–‘ë…ì´ ë„˜ ë§›ìžˆì–´ì„œ
ìžê¾¸ìƒê°ë‚˜ëŠ” ë§›ì´ì—ìš”
ì²­êµ­ìž¥ë„ ë„˜ ë§›ìžˆìŒ!!",1
ë§›ìžˆìŠµë‹ˆë‹¤!,1
"ë§›ë„ ë§›ì´ì§€ë§Œ ë¶„ìœ„ê¸°ë„ ë„ˆë¬´ ì¢‹ì•˜ì–´ìš”!
ë‹¤ìŒì— ë˜ ë°©ë¬¸í•  ì˜ˆì •ìž…ë‹ˆëŒœ~",1
"ë„ˆë¬´ë§›ìžˆì–´ìš”...
ëƒ‰ë™ì‚¼ê²¹ì‚´ ì§‘ì—ì„œ ì–´ë ¸ì„ë•Œ ë¨¹ì—ˆë˜ ê¸°ì–µë‚˜ì„œ ì¢‹êµ¬
ë§›ë„ í›Œë¥­í•´ìš©!!

ë“¤ì–´ê°€ëŠ” ìˆœê°„ë¶€í„° ëƒ„ìƒˆê°€ í™•...ã…‹ã…‹ã…‹
ì§ì›ë¶„ë“¤ë„ ì¹œì ˆí•˜ì‹œê³  ì‚¼ê²¹ì‚´ë„ ë„ˆë¬´ ë§›ìž‡ê³  ã…Žã…Ž

ë‹´ì£¼ì—ë„ ë°”ë¡œ ì˜ˆì•½ ì¶”ê°€í–ˆì–´ìš”",1
ë§›ìžˆê²Œ ìž˜ ë¨¹ì—ˆì–´ìš”^^,1
ì—­ì‹œ ë¼ì§€ê³ ê¸°ëŠ” í•˜ë‚¨ë¼ì§€ì§‘ì´ë‹¤!! ë¨¹ëŠ” ë‚´ë‚´ í–‰ë³µì„ ëŠë‚„ ìˆ˜ ìžˆëŠ” ë§›ì´ì—ˆì–´ìš”!! ì™„ì „ ê°•ì¶”!! ë˜ ê°ˆëž˜ìš”!!,1
ë§›ìžˆì–´ìš”.,1
"ì§ì›ë¶„ë“¤ ë‹¤ ë„ˆë¬´ ì¹œì ˆí•˜ì‹œê³ 
ê³ ê¸° ìž˜ ëª» êµ¬ì›Œì„œ í•˜ë‚¨ë¼ì§€ì§‘ìœ¼ë¡œ ê°„ê±´ë°
ì •ë§ ë§›ìžˆê²Œ êµ¬ì›Œì£¼ì‹œê³ , ë§›ìžˆê²Œ ë¨¹ëŠ” íŒë„ ì•Œë ¤ì£¼ì‹œê³ , ê³„ì† ì‹ ê²½ì¨ì£¼ì…”ì„œ ê°ì‚¬í–ˆìŠµë‹ˆë‹¤. ì§„ì§œ ë§›ìžˆê³  í–‰ë³µí•˜ê²Œ ìž˜ ë¨¹ì—ˆìŠµë‹ˆë‹¤.",1
ë§›ìžˆì—ˆìŠµë‹ˆë‹¤ ìžë¦¬ë„ì¢‹ì€ë° ìž¡ì•„ì£¼ì…”ì„œ ì¢‹ì•˜ìŠµë‹ˆë‹¤,1
ë§ˆì‹œì”€ ì¸ì •,1
ì¹œì ˆí•˜ê³  ë§›ìžˆìŠµë‹ˆë‹¤,1
ë„ˆë¬´ ì¹œì ˆí•˜ê³  ì¢‹ì•„ì¨ìš”,1
ë§›ìžˆê³  ê¹”ë”í•©ë‹ˆë‹¤,1
1ë…„ë§Œì— ìž¬ë°©ë¬¸ì´ì—ˆëŠ”ë° ì—¬ì „ížˆ ì¹œì ˆí•˜ê²Œ ìž˜ ëŒ€í•´ì£¼ì…¨ì–´ìš”.  ê³ ê¸°ë„ ë§›ì´ìžˆì—ˆìŠµë‹ˆë‹¤.,1
"í•˜ë‚¨ë¼ì§€ì§‘ ì¦ê²¨ ì°¾ëŠ” 1ì¸ìœ¼ë¡œì„œ...
ì–´ì œì˜ ë…¼í˜„ì§ì˜ì ì€ ê°ë™ì´ì˜€ìŠµë‹ˆë‹¤.
ì¹œêµ¬ê°€ ë¨¼ì € ë„ì°©í–ˆëŠ”ë°..ì œê°€ ë„ì°©í•˜ìžë§ˆìž í•˜ëŠ” ë§ì´ ì—¬ê¸° ì§ì›ë¶„ë“¤ ì¹œì ˆí•˜ì‹œë‹¤...ì˜€ìŠµë‹ˆë‹¤.
ì •ë§...ì¹œì ˆí•˜ì‹œë”ë¼êµ¬ìš”...ã…Žã…Ž
ê³ ê¸° ë§›ë„ ì •ë§ ìµœê³ ì˜€êµ¬ìš”~!!
ì¶”ê°€ ì‹œì¼œì„œ ë” ë¨¹ê¸´ í–ˆì§€ë§Œ....ë˜ ì¶”ê°€ë¥¼ ì‹œí‚¤ê³  ì‹¶ì—ˆì„ì •ë„~!!
ì§ì›ë¶„ì´ ì¶”ì²œí•´ì£¼ì‹  ì™€ì‚¬ë¹„+ëª…ì´ë‚˜ë¬¼ì˜ ì¡°í•©ì€.....ì •ë§ ìµœê³ ì˜€ìŠµë‹ˆë‹¤.
ë‹¤ìŒì— ë˜ ë°©ë¬¸í• ê»˜ìš”~!!! ^^",1
ê³ ê¸°ëŠ” ë§›ìžˆëŠ”ë° ë‹¤ë¥¸ìŒì‹ì´ ë‚´ìž…ë§›ì—ëŠ” ì¡°ê¸ˆ ì§ ë“¯...,1
ë„˜ë„˜ ë§›ìžˆêµ¬ ì™„ì ¼ ì¹œì ˆí•˜ì‹œêµ¬ìš” ë‹´ì— ë˜ê°ˆì˜ˆì •ì´ì—ìš” ê°ì‚¬í•¨ë‹ˆë‹¤!,1
ì–¸ì œë‚˜ ë§›ë‚œê³³,1
ì—¬ëŸ¬ëª¨ë¡œ ë§Œì¡±í•©ë‹ˆë‹¤,1
ì—¬ê¸° ë§›ìžˆì–´ìš”!  ë”´ ê²ƒë³´ë‹¤ ì„œë¹™í•˜ì‹œëŠ” ë¶„ë“¤ ë„˜ ì¹œì ˆí•˜ì…”ì„œ ë˜ ê°€ê³  ì‹¶ì„ ì •ë„ ã…Žã…Ž,1
ë§›ì€ ê·¸ëŸ­ì €ëŸ­ì´ì—ˆì§€ë§Œ ì„œë¹„ìŠ¤ê°€ ë§¤ìš° ì¹œì ˆí•´ì„œ ì¢‹ì•˜ìŠµë‹ˆë‹¤.,0
ì§ì›ë¶„ë“¤ë„ ì¹œì ˆí•˜ì‹œê³  ë§›ë„ ì¢‹ì•„ìš”:-),1
"ë§›ìžˆì–´ìš”~~
ì¢Œì„ë„ ë§Žêµ¬
ë§›, ì¹œì ˆë„, ìœ„ìƒ ëª¨ë‘ë‹¤ êµ¿êµ¿!! ë§Œì¡±í–ˆì–´ìš”",1
ë§›ìžˆìŠµë‹ˆë‹¤,1
"ì²˜ìŒ ê°€ë³´ëŠ” ê³³ì´ì—ˆëŠ”ë°, 1,2ì¸µìœ¼ë¡œ ì‚¬ëžŒë“¤ì´ ë§Žì´ ìžˆëŠ” ì‹ë‹¹ì´ì—ˆìŠµë‹ˆë‹¤.  ë°©ìœ¼ë¡œ ë¶€íƒ ë“œë ¸ë”ë‹ˆ, 2ì¸µì— ë°©ìœ¼ë¡œ ë°°ì •í•´ ì£¼ì…”ì„œ ì¡°ìš©ížˆ ì‹ì‚¬í•  ìˆ˜ ìžˆì—ˆì–´ìš”.

ê³ ê¸°ë„ ì¢‹ê³ , ì§ì›ë¶„ë“¤ì´ êµ¬ì›Œì£¼ì…”ì„œ ë§›ìžˆê²Œ ë¨¹ê³  ì™”ìŠµë‹ˆë‹¤.  ì†Œê·œëª¨ ëª¨ìž„ì´ì‹œë¼ë©´ ì¢‹ì€ìž¥ì†Œë¡œ ì¶”ì²œ ë“œë¦½ë‹ˆë‹¤~",1
"ë§›ìžˆëŠ” ê³ ê¸° ìž˜ ë¨¹ì—ˆìŠµë‹ˆë‹¤. 
ì ìž¥ë‹˜ ì´ë²¤íŠ¸ë„ ì¦ê±°ì› ìŠµë‹ˆë‹¤. 
ì„œë¹„ìŠ¤ ìµœê³ ì˜€ì–´ìš”!",1
"ê³ ê¸°ë„ ë§›ìžˆê³ , ìž˜ êµ¬ì›Œì£¼ì…”ì„œ ì¢‹ì€ ëª¨ìž„ í•˜ì˜€ìŠµë‹ˆë‹¤ ã…Žã…Ž",1
"ë§›ìžˆì—ˆì–´ìš”
ì§ì›ë¶„ ì„œë¹„ìŠ¤ë„ ì¢‹ê³ ..^^
ë„¤ì´ë²„ ì˜ˆì•½ìœ¼ë¡œ ì£¼ì‹  ì„œë¹„ìŠ¤ ë¼ì§€ê»ë°ê¸°ëŠ” ì •ë§ ê¸°ëŒ€í•˜ì§€ì•Šì•˜ì—ˆëŠ”ë° ë„ˆë¬´ ë§›ìžˆì—ˆìŠµë‹ˆë‹¤.
ë¨¹ëŠë¼ ì •ì‹ ì—†ì–´ì„œ ì‚¬ì§„ì„ ê¹œë¹¡í–ˆë„¤ìš”^;; ìž¬ë°©ë¬¸ì˜ì‚¬ 10000%ìž…ë‹ˆë‹·!",1
ê±°ë¦¬ë„ ê°€ê¹ê³  ê´œì°®ì•˜ìŠµë‹ˆë‹¤,1
"ì œì£¼ í‘ë¼ì§€ ì§„ì§œ  ë§›ìžˆì–´ìš”.
ìž¥ì†Œë„ ë„“ê³   2ì¸µì—ëŠ” ë£¸ë„ ìžˆì–´ì„œ
ëª¨ìž„ìž¥ì†Œë¡œë„  ì¢‹ì•„ìš”.
ë¬¼ë¡  êµí†µë„ ì¢‹êµ¬ìš”.",1
"ê³ ê¸°ë„ ë§›ìžˆê³  ì„œë¹„ìŠ¤ë„ ì¢‹ì•˜ìŠµë‹ˆë‹¤!!
í•˜ì§€ë§Œ ë„ˆ~~~ë¬´ ì‹œë„ëŸ¬ì› ìŠµë‹ˆë‹¤!!",1
ì •ë§ë§›ìžˆê³  ì„œë¹„ìŠ¤ë§Žì´ì£¼ì‹œê³  ì§„ì§œìµœê³ ì—ìš”,1
ê³ ê¸°ë„ ì‹ ê²½ì¨ì„œ ìž˜ êµ¬ì›Œì£¼ì‹œêµ¬ ì„œë¹„ìŠ¤ ê»ë°ê¸°ë„ ì™„ì „ ê°ë™~^^ë‹¤ìŒì— ë˜ ì˜¤ê³  ì‹¶ë„¤ìš”,1
"ë„ˆë¬´ ë§›ìžˆì—ˆì–´ìš” 
ì—¬ìž 4ëª…ì´ì„œ ê¸‰í•˜ê²Œ ë‹­ë„ë¦¬íƒ•ì„¸íŠ¸ì™€ ë² ì´ì»¨ê°ìžì „ì— ì£¼ë¨¹ë°¥ê¹Œì§€ ê°€ë“ì‹œí‚¤ê³  ì†Œì£¼í•œëª…ì— ìž…ê°€ì‹¬! ã…‹ã…‹ã…‹ã…‹ã…‹ ì¢‹ì•„ìš”ðŸ’‹",1
"ì²«ë²ˆì§¸ ì§ì›ë“¤ ì •ë§ ë°ê³  ì¹œì ˆí•˜ë„¤ìš”~~^^ ì¼ë‹¨ ê·¸ê±°ë©´ ë§ ë‹¤í–ˆë‹¤ê³  ë´…ë‹ˆë‹¤~~!!!!!! 
ê·¸ëŸ°ë° ë‹­ë„ë¦¬íƒ• ë§›ì´......ì •ë§ ê¸°ê°€ ë§‰ížˆë„¤ìš”~~~!!!!!!!!!!!!!!!!!!!! ë¨¹ëŠë¼ ì‚¬ì§„ë„ ëª»ì°ì—ˆì–´ìš”......ã… ã…  ê°•ì¶” ê°•ì¶”~~~!!! 
ë‹¤ìŒì—” ê½ƒë„ë¦¬íƒ• ë¨¹ìœ¼ëŸ¬ ê°ˆê²Œìš”~~~!!!!!!",1
ë§¤ì½¤ë‹¬ì½¤ ë„˜ë„˜ ë§›ìž‡ì–´ìš”:)  ë‹¤ìŒì—” í•œ ìž” í•˜ëŸ¬ ê°€ì•¼ê² ì–´ìš”!! ì¶”ì²œí•©ë‹ˆë‹¤ì•™~~~,1
"ê½ƒë„ë¦¬íƒ•(ì¤‘)ì„¸íŠ¸ëž‘ ì°¸ì¹˜ë§ˆìš”ì£¼ë¨¹ë°¥ ë¨¹ì—ˆì–´ìš©ã…‹ã…‹ã…‹1ë‹¨ê³„ì—¬ë„ ê½¤ ë§¤ì› ê³  ì°¸ì¹˜ë§ˆìš”ì£¼ë¨¹ë°¥ ì§„ì±  ì¡´ë§›íƒ±!!!!!ëª¨ë“¬íŠ€ê¹€ë„ ì™„ì „ë°”ì‚­í•´ìš” ê°•ì¶”!!!!!
í•œë‹¬ì— í•œë²ˆì”© ê°€ë ¤ê³ ìš” ã…Žã…Žã…Ž
ì´ë²¤íŠ¸ ê¸°ë‹¤ë¦¬ê² ìˆ©ë‹ˆë‹¹>.<",1
ê°€ê²©ì— ë¹„í•´ ë‹­ì´ ì¡°ê¸ˆ ë“¤ì–´ìžˆëŠ”ê±´ ì•„ì‰¬ì› ì§€ë§Œ ì–‘ë…ê³¼ íŠ€ê¹€ ì‚¬ë¦¬ëŠ” ë§›ìžˆì—ˆì–´ìš”!! ì¤‘ë…ì ì¸ ë§¤ìš´ë§› ì¢‹ì•„ìš”~ã…Žã…Ž,1
ì–¸ì œë‚˜ ë§› ìžˆëŠ” !! ë‹­ë„ë¦¬~ ìŒì‹ë„ ë§›ë‚˜ ì§ì›ë¶„ë“¤ë„ ì¹œì ˆ!! ë˜ ë°©ë¬¸í•˜ê² ìŠµë‹ˆë‹¹,1
"í‘¸ì§í•˜ê³  ë§›ìžˆê²Œ ìž˜ ë¨¹ê³  ì™”ì–´ìš”~ 
êµ­ë¬¼ì´ ì •ë§ ì§„í•œ ê²ƒ ê°™ì•„ìš”~!
ì†ë‹˜ì´ ë§Žì•„ì„œ ë°”ìœ ì£¼ë§ì¸ë°ë„ ì¹œì ˆí•˜ê²Œ ëŒ€í•´ì£¼ì…”ì„œ ê°ì‚¬í•´ìš”. 
ë‹¤ìŒì— ë˜ ê°ˆê²Œìš”!",1
"6ëª…ì´ì„œ ë¶ì ë¶ì  ë§ë„ ë§Žì•„ì„œ ì£¼ë¬¸ì´ íž˜ë“œì…¨ì„í…ë°ë„,  ê³„ì† ì›ƒìœ¼ë©° ì¹œì ˆí•˜ê³  ìž¬ë°Œê²Œ ë°›ì•„ì£¼ì…¨ì–´ìš”~
ë‹­ë„ë¦¬íƒ•ì„ ì‹œì¼°ëŠ”ë° ì •ë§ ë§›ìžˆêµ¬ìš”~ ë˜¥ì§‘íŠ€ê¹€ë„ ê¸°ë¦„ ì©ë‚´, ìž¡ë‚´ì—†ì´ ë§›ìžˆì—ˆì–´ìš”~

ì†ë‹˜ì´ ë°”ë¡œë°”ë¡œ ì°¨ì„œ ì˜ˆì•½í•˜ê³  ê°€ê¸¸ ì •ë§ ìž˜í•œê±° ê°™ì•„ìš”

ì‚¬ì§„ì´ ìžˆì—ˆìœ¼ë©´ ì¢‹ì•˜ì„í…ë° ã… ã…  ì‹ ë‚˜ì„œ ë°”ë¡œ ë¨¹ëŠë¼ ëª» ì°ì—ˆë„¤ìš©

(ìˆ˜ì •) ì¹œêµ¬í•œí…Œ ë°›ì•„ì„œ ì‚¬ì§„ ì˜¬ë ¤ìš©~ ì´ë²¤íŠ¸ ë³´ë‚´ì£¼ì„¸ìš©-! ê¸°ëŒ€ê¸°ë‹¤",1
ë§›ìžˆê³  ì¢‹ì•˜ìŠµë‹ˆë‹¤,1
"ìžê·¹ì ì´ì§€ ì•Šêµ¬ ë„˜ë‚˜ ë§›ìžˆì—ˆì–´ìš©!!!!! â™¥ï¸
ë‹¤ìŒì— ë˜ ê°ˆê±°ì—ìš© ã…Ž

(ìŠ¤ë²…ê¸°í”„í‹°ì½˜ì€ ê°€ê²Œ í™ë³´ìš©ì¸ê°€ìš”???) ê¹œê¹œë¬´ì†Œì‹",1
"ë„ˆë¬´ ë§›ìžˆê³  ì¹œì ˆí•´ì„œ ì¢‹ì•˜ì–´ìš”
ë¶„ìœ„ê¸° ì¢‹ì€ë° ê°€ì„±ë¹„ê¹Œì§€ ì¢‹ìŒ
ì´ˆë°¥ì— ê³ ê¸° ì‹¸ë¨¹ëŠ”ë° íŠ¹ì´í–ˆìŒ",1
ê¹”ë”í•˜ê³  ë§›ìžˆê²Œ ë¨¹ìŒ,1
ë¶„ìœ„ê¸° ì¢‹ì•˜ê³  ë§›ë„ ì¢‹ì•˜ìŠµë‹ˆë‹¤~,1
"ì˜¤ëžœë§Œì— ê°”ëŠ”ë°, ê°™ì´ê°„ ë™ë£Œë“¤ì´ ì•„ì£¼ ë§Œì¡±í–ˆìŠµë‹ˆë‹¤. ì € ì—­ì‹œ ë§Œì¡±^^ ìž˜ ë¨¹ì—ˆìŠµë‹ˆë‹¤.",1
"ê³ ê¸°ì§‘ ì¤‘ ìµœê³  ê¹”ë”í•˜ê³  ì²­ê²°í•œ ì§‘
ë§›ì€ ë³´ìž¥ë¨",1
"ê³ ê¸°ë„ ì§„ì§œ ë§›ìžˆê³ , ì§ì›ë¶„ë“¤ë„ ì¹œì ˆí•˜ì‹œê³ , ë¶ˆíŒë„ ìžì£¼ìžì£¼ ê°ˆì•„ì£¼ì‹œê³ , ë‹¤ ì¢‹ì•˜ì–´ìš”~~",1
"ê³ ê¸°ëŠ” ê°ˆë§¤ê¸°ì‚´ì´ ë§›ìžˆìŠµë‹ˆë‹¤. 
ë‹¤ë§Œ, ê³ ê¸°ê°€ ë‚˜ì˜¤ëŠ”ë° 30ë¶„ì´ìƒì´ ê±¸ë¦¬ê³ , ìž¬ì£¼ë¬¸ ì—­ì‹œ 20ë¶„ì´ìƒ ê±¸ë ¤ ê¸°ë‹¤ë¦¬ë‹¤ ì§€ì¹˜ê²Œ ë˜ë”êµ°ìš”.. 
ê·¸ë‹¥ ì¶”ì²œí•˜ê³  ì‹¶ì§„ ì•ŠìŠµë‹ˆë‹¤",0
ìŒì‹ì´ ì •ê°ˆí•˜ê³  ë§›ìžˆìŠµë‹ˆë‹¤. ì¹œì ˆí•˜ì‹œê¸°ë„ í•˜êµ¬ìš” !! ëª¨ìž„ìžë¦¬ë¡œ ì •ë§ ì¶”ì²œë“œë ¤ìš”,1
"ê³ ê¹ƒì§‘ ì´ìš©í•  ë•Œ ê³ ê¸°ë„ ê³ ê¸´ë° ë§¤ìž¥ì´ ê°ˆë”í•˜ê³  ì§ì›ë¶„ë“¤ì´ ì ê·¹ì ì´ì‹  ê³³ì„ ì„ í˜¸í•´ìš” 
ì†¡ë…„íšŒë¡œ ì•ˆê°€ì— ë‹¤ë…€ì™”ëŠ”ë° ì¸í…Œë¦¬ì–´ëŠ” ë¬¼ë¡ ì´ê³  ì‹ê¸°ë¥˜ ì²­ì†Œìƒíƒœ ì™„ì „ ê¹”ë”í•˜ê³  ê³ ê¸°ë„ ë§›ìžˆì—ˆì–´ìš”^^ ì˜ˆì•½í•˜ê³  ê°„ ë³´ëžŒì´ ìžˆë„¤ìš”",1
"ê°€ë¸Œë¦¬ì‚´, ê°ˆë§¤ê¸°ì‚´, í•­ì •ì‚´ ëª¨ë‘ ë§›ìžˆì–´ìš”. ì„œë¹™ë„ ì¢‹êµ¬ìš”",1
"16ëª… ì˜ˆì•½í–ˆëŠ”ë° í…Œì´ë¸” 4ê°œê°€ 2,2 ë–¨ì–´ì ¸ ìžˆì–´ì„œ ì•„ì‰¬ì› ë„¤ìš”
ì¡±ë°œì€ ë§›ìžˆì—ˆìŠµë‹ˆë‹¤",1
"ë„¤ì´ë²„ì˜ˆì•½ì„ í†µí•´ì„œ ì™”ë‹¤ê³  ë§ì”€ë“œë ¸ëŠ”ë°  ì˜ˆì•½ì´ ì•ˆë˜ì–´ìžˆë‹¤ëŠ” ë§ì”€ë§Œ ê±°ë“­ í•˜ì‹œê³ , ì˜ˆì•½ë‚´ì—­ ìº¡ì³ë¥¼ ë³´ì—¬ë“œë ¤ë„ ì•ˆë˜ì–´ìžˆë‹¤ê³  í•˜ê³  ì¶”ìš´ ë‚ ì”¨ì— ì˜ë¬¸ë„ ëª¨ë¥¸ì±„ ëŒì•„ë‚˜ê°”ì–´ì•¼ í–ˆë„¤ìš”
ì›ì˜ˆì•½ìžëŠ” ë„ì°©í•˜ì§€ ì•Šì€ìƒíƒœì—ì„œ ë‹¤ë¥¸ íšŒì‹ìž¥ì†Œë¥¼ ì°¾ë‹¤ê°€ ì •ìƒì ìœ¼ë¡œ ì˜ˆì•½ì„í•˜ê³ ë„ ì°©ì„í•˜ì§€ ëª»í•œê²Œ ë„ˆë¬´ ì´ìƒí•´ì„œ ë‹¤ì‹œ ë“¤ì–´ê°€ì„œ ì´ì•¼ê¸°ë¥¼ ì‹œë„í–ˆìŠµë‹ˆë‹¤. ê·¸ì œì„œì•¼ ì•ˆìª½ì—ìžˆëŠ” ì§ì›ë¶„ì´ ì˜ˆì•½ì´ ë³„ë„ë¡œ ê´€ë¦¬ë˜ê³  ìžˆë‹¤ê³  ì˜ˆì•½ë‚´ì—­ì„ í™•ì¸í•´ì£¼ì—ˆìŠµë‹ˆë‹¤. 
ì§ì›ë“¤ê°„ì— ì‹œìŠ¤í…œì— ëŒ€í•œ íŒŒì•…ë„ ì œëŒ€ë¡œ ì•ˆë¼ìžˆê³  ë­¡ë‹ˆê¹Œ ëŒ€ì²´.. 
ìŒì‹ì€ ë§›ìžˆì—ˆì§€ë§Œ ë¬¸ì „ë°•ëŒ€ ë‹¹í•œê¸°ë¶„ì— ì°ì°í•¨ì´ ì‚¬ë¼ì§€ì§€ ì•Šì•˜ìŠµë‹ˆë‹¤.",0
ë§¤ìž¥ì— ì†ë‹˜ì´ë§Žì•„ì„œ ì •ì‹ ì´ ì—†ê¸´í–ˆì§€ë§Œ ì§ì›ë¶„ë“¤ë„ ì¹œì ˆí•˜ì‹œê³  ë§›ìžˆê²Œë¨¹ê³ ì™”ë„¤ìš”,1
"ìŒì‹ ë§›ì€ ê´œì°®ì€ íŽ¸ì´ì—ˆìŠµë‹ˆë‹¤.
ë‹¤ë§Œ ì†ë‹˜ ìˆ˜ì— ë¹„í•´ ì§ì›ì´ ì¢€ ë¶€ì¡±í•œ ëŠë‚Œì´ ë“¤ê³  ë‚´ë¶€ê°€ ë„ˆë¬´ ì‹œë„ëŸ¬ì›Œ ë°”ë¡œ ì•ž í…Œì´ë¸”ì˜ ì‚¬ëžŒê³¼ ì´ì•¼ê¸°í•˜ëŠ” ê²ƒë„ ì œì•½ì´ ì¡°ê¸ˆ ìžˆì„ì •ë„ë¡œ í…Œì´ë¸”ê°„ì˜ ê°„ê²©ë„ ì¢ê³  ì •ì‹ ì´ ì—†ë„¤ìš”ã… ",1
ë¯¸ë¦¬ ì˜ˆì•½ í–ˆë”ë‹ˆ ê°€ìž¥ ì•ˆìª½ ìžë¦¬ë¡œ í•´ì£¼ì…¨ìŠµë‹ˆë‹¤. ì¹œì ˆí•˜ê³  ë§›ìžˆê¸´ í–ˆëŠ”ë° ë§¤ìž¥ì´ ë‹¤ ì˜¤í”ˆë˜ì–´ ìžˆëŠ” ê³µê°„ì´ë¼ ë§Žì´ ì‹œë„ëŸ½ê¸´ í–ˆì–´ìš”,1
"ìš”ì²­í•œëŒ€ë¡œ êµ¬ì„ì— ìžë¦¬ê°€ ì˜ˆì•½ë˜ì–´ ìžˆì—ˆê³  ì•„ì£¼ ë§Œì¡±ìŠ¤ëŸ¬ì› ìŠµë‹ˆë‹¤. ìŒì‹ë„ ë§›ìžˆê³  ë‹¤ ì¢‹ì•˜ëŠ”ë° 3ëª…ì´ íŠ¹ëŒ€ë¥¼ ì‹œí‚¨ ê±´ ë¯¸ìŠ¤ì¸ ë“¯, ëŒ€ìžë¡œë„ ì¶©ë¶„í•˜ë„¤ìš”.",1
ì˜ˆì•½í–ˆë”ë‹ˆ ì•ˆìª½ ë„“ì€ ìžë¦¬ë¡œ í•´ì£¼ì—ˆë”ë¼êµ¬ìš” êµ‰ìž¥ížˆ ì¢‹ì•˜ê³  ì¡±ë°œë„ ì–‘ì€ ì¢€ ì ì—ˆì§€ë§Œ ë§›ìžˆì—ˆìŠµë‹ˆë‹¤,1
"ì¼ë‹¨ ì¡±ë°œì´ ë§›ìžˆì–´ìš”. ì¡±ë°œ ëª» ë¨¹ëŠ” ì–¸ë‹ˆë„ ì´ê±´ ëƒ„ìƒˆ ì•ˆë‚œë‹¤ê³  ìž˜ ë¨¹ì—ˆì–´ìš”. ê·¸ë¦¬ê³  ì„œë¹„ìŠ¤ ì¢‹ê³ , ì¹œì ˆí•´ìš”.",1
ë§›ìžˆê³  ì¹œì ˆí•˜ê³  ì¢‹ì•„ìš”.,1
ë§›ìžˆì–´ìš” ^^,1
ì ì‹¬ íšŒì‹ì— ì˜ˆì•½í•˜ê³  ê°”ëŠ”ë° ëª¨ë‘ ë§Œì¡±ë„ 100ì´ì—ˆìŠµë‹ˆë‹¤,1
"ë§›! ì„œë¹„ìŠ¤ ë„ˆë¬´ ì¢‹ì•˜ìŠµë‹ˆë‹¤
ì§ì›ë“¤ì˜ êµìœ¡ë„ êµ‰ìž¥ížˆ ìž˜ë˜ìžˆêµ¬ìš”!!!
ì†ë‹˜ ëª¨ì‹œê³  ê°€ê¸° ë”± ì¢‹ì€ ê³³ìž…ë‹ˆë‹¤!!!",1
ë§›ì´ëž‘ ì„œë¹„ìŠ¤ ë‹¤ ì¢‹ì•˜ì–´ìš”~ ì§ì›ë¶„ë“¤ë„ ì¹œì ˆí–ˆêµ¬ìš”!,1
"ìŒì‹ì€ëŒ€ì²´ì ìœ¼ë¡œ ì§ˆë„ì¢‹ê³  ë§›ìžˆì–´ì„œ ë§Œì¡±ìŠ¤ëŸ¬ì› ìœ¼ë‚˜ ì§ì›ë“¤ì˜ ì‘ëŒ€ì— ê·¸ë‹¥ ê¸°ë¶„ì¢‹ì§€ì•Šê²Œ ì‹ì‚¬í–ˆë„¤ìš”.ì €í¬ì˜ ìš”êµ¬ì‚¬í•­ì´ ëŒ€í‘œë‹˜ì˜ ì›ì¹™ì— ì•ˆë§žë‹¤ê³  í•˜ì‹œë‹ˆ ì €í° ì§ì›ì´ì•„ë‹ˆë¼ ê·¸ìžë¦¬ì„œ êµìœ¡ë°›ëŠ” ëŠë‚Œì´ì—ˆë„¤ìš”.
ê·œì¹™ê³¼ ì›ì¹™ì´ ë‚˜ë¦„ ìžˆìœ¼ì‹œê² ì§€ë§Œ ìœ ëŒì´ ì—†ì´ ë”±ë”±í•˜ê²Œ í‘œì •í•˜ë‚˜ì—†ì´ ì‘ëŒ€í•˜ëŠ”ê²ƒì„ ë§ì´ ì•„ ë‹¤ë¥´ê³  ì–´ ë‹¤ë¥´ë‹ˆê¹Œìš”.ê·¸ê²Œ ë°©ì¹¨ì´ë¼í•˜ë‹ˆ ë­ë¼ í• ë§ì€ ì—†êµ¬ìš”.ìž˜ ë¨¹ê³  ì™”ìŠµë‹ˆë‹¤.ë§› ë•Œë¬¸ì— ìž¬ë°©ë¬¸ì˜ì‚¬ëŠ” ìžˆìŠµë‹ˆë‹¤.",1
ì§ì ‘ êµ¬ì›Œì£¼ì…”ì„œ íŽ¸í–ˆê³  ê³ ê¸° ë§›ë„ ì¢‹ì•˜ê³  ì§ì›ë¶„ë“¤ì´ ì¹œì ˆí•˜ì…”ì„œ ìž¬ë°©ë¬¸ ì˜ì‚¬ ìžˆìŠµë‹ˆë‹¤,1
ì–¸ì œë‚˜ ê·¸ë ‡ë“¯ ì¢‹ìŠµë‹ˆë‹¤. ê³ ê¸°ë„ ì¢‹ê³  ë°¥ë„ ì°Œê°œë„ ë§›ìžˆê³ . ë¶€ëª¨ë‹˜ê³¼ ë°©ë¬¸í•˜ê¸°ëŠ” ì²˜ìŒì¸ë° ë„ˆë¬´ ë§›ìžˆê²Œ ìž˜ ë“œì…¨ë‹¤ê³  í•©ë‹ˆë‹¤. ì¡°ë§Œê°„ ë˜ ë“¤ë¥´ê² ìŠµë‹ˆë‹¤.,1
ë§›ìžˆê³  ì¹œì ˆí•©ë‹ˆë‹¤,1
êµ‰ìž¥ížˆ ë§›ìžˆì—ˆìŠµë‹ˆë‹¤ ^^ ìž¬ë°©ë¬¸ ì˜ì‚¬ ìžˆìŠµë‹ˆë‹¤ ^^ ê°ì‚¬í•©ë‹ˆë‹¤,1
ë£¸ì´ ê¹¨ë—í•˜ê²Œ ë‚˜ë‰˜ì–´ìžˆì–´ì„œ ì‚¬ëžŒë“¤ ë§Œë‚˜ê¸°ì— ì¢‹ì€ ê³³ì´ì—ìš”!!  ê°€ê²©ë„ í•©ë¦¬ì ìž…ë‹ˆë‹¤~~,1
ì˜ˆì•½ì´íŽ¸í•´ìš”,1
"2ì¸ì˜ˆì•½ë„ ê°€ëŠ¥í•˜ê³ , ë§›ìžˆì–´ìš”",1
"íšŒì‹í•˜ë©´ ë¨¼ì € ìƒê°ë‚˜ëŠ” ì§‘
ë§›ìžˆê³  ê¸°ë¶„ì¢‹ì€ ì„œë¹„ìŠ¤
ìž¬ë°©ë¬¸ ì˜ì‚¬ ìžˆìŒ",1
ìŒì‹íŠ¼ ë§›ìžˆì—ˆì§€ë§Œ ë²¨ì„ ì—¬ëŸ¬ë²ˆ ëˆŒëŸ¬ì•¼ ì˜¤ì‹œê³  ìŒì‹ë„ ì¢€ ëŠ¦ê²Œ ë‚˜ì™”ìŠµë‹ˆë‹¤,0
ì „ì²´ì ìœ¼ë¡œ ë¬´ë‚œí•œ íŽ¸ì´ê³  1ì¸µ ì‹ë‹¹ì˜ ë©”ë‰´ë„ ì£¼ë¬¸í•  ìˆ˜ ìžˆìŒ í•˜ì§€ë§Œ ì§ì›ë¶„ë“¤ì´ ì•½ê°„ ë¶€ë‹´ìŠ¤ëŸ¬ì›€ ê³ ê¸°ëŠ” ëª¨ìžë¼ë©´ ì•Œì•„ì„œ ì¶”ê°€í• í…ë°,1
"ê°ˆë¹„íƒ•, ëœìž¥ì°Œê°œ ë§›ë‚˜ê³ , ë°˜ì°¬ ë¦¬í•„ë„ ìž˜ í•´ì£¼ì‹œë„¤ìš”~^^",1
"ë‹¨ì²´ë¡œ ê°€ê¸°ì— ì¢‹ìŠµë‹ˆë‹¤.
ë£¸ë„ ê¹¨ë—í•˜ê³  ì¹œì ˆí•©ë‹ˆë‹¤.
ì €ëŠ” ë¯¸ì—­í™©íƒœê°ˆë¹„íƒ•ì„ ì‹œì¼°ëŠ”ë°, ê°ˆë¹„ì— ê¸°ë¦„ë§Œ ìžˆê³ , ì‚´ì€ ì—†ì–´ì„œ ì†ë„ ëŒ€ì§€ ì•Šì•˜ìŠµë‹ˆë‹¤. 
ì´ ë¶€ë¶„ì€ ê°œì„ ë˜ë©´ ì¢‹ê² ìŠµë‹ˆë‹¤.",1
ë„¤ì´ë²„ ì˜ˆì•½ìœ¼ë¡œ ì „í™” í•œ í†µ ì—†ì´ íŽ¸í•˜ê²Œ ì˜ˆì•½ì´ ê°€ëŠ¥í•˜ë‹ˆ ì ì‹¬ ì‹œê°„ì—ë„ ì˜¤ëž˜ ê¸°ë‹¤ë¦´ê¹Œë´ ê±±ì •í•  í•„ìš”ê°€ ì—†ì–´ìš”. ê°ˆë¹„íƒ• ì£¼ë¬¸í•˜ë©´ ëŒì†¥ë°¥ì´ ì œê³µë˜ì„œ ëœ¨ëˆí•œ ëˆ„ë£½ì§€ ë§Œë“¤ì–´ ë¨¹ìœ¼ë©´ ì˜¤í›„ ë‚´ë‚´ ë±ƒì†ì´ íŽ¸ì•ˆ ã…‹,1
íšŒì‚¬íšŒì‹ìœ¼ë¡œ ê°”ëŠ”ë° ì¢‹ì•˜ìŠµë‹ˆë‹¤.,1
ì¹œì ˆí•˜ê³  ë„ˆë¬´ì¢‹ì•˜ì–´ìš”~~~~ ìŒì‹ì´ì¢€ ëŠ¦ê²Œë‚˜ì˜¨ê±°ë¹¼ê³ ëŠ”... ë§›ë„ ë§ˆì‹¯ì—ˆì–´ìš© ã…Žã…Žã…Žã…Žã…Žã…Ž ë‹¤ìŒì—ë˜ê°ˆê²Œìš©~~~~,1
ë³´ê°ì„¸íŠ¸ ì‹œì¼°ëŠ”ë° ê°ìžíƒ• ë³´ìŒˆ ì˜¤ì§•ì–´ì´ˆë¬´ì¹¨ ì „ë¶€ ë§›ìžˆì—ˆì–´ìš”,1
ìŒì‹ë“¤ì´ ì „ì²´ì ìœ¼ë¡œ ë‹¤ ë§›ìžˆë„¤ìš” ã…Žã…Ž ì§±ì¢‹ìŒ,1
ì„œë¹„ìŠ¤ë„ ì¢‹ê³  ìŒì‹ë„ ë„ˆë¬´ ë§›ìžˆì—ˆì–´ìš”!!,1
ë§›ìžˆê³  ì •ê²¹ê²Œ ìž˜ì´ìš©í•˜ê³  ê°‘ë‹ˆë‹¤!!,1
ì¹œì ˆí•˜ì‹  ì§ì›ë¶„ë“¤ ë•ë¶„ì— ê¸°ë¶„ì¢‹ê²Œ ì‹ì‚¬í–ˆìŠµë‹ˆë‹¤.,1
ë§›ìžˆê²Œ ìž˜ ë†€ë‹¤ê°‘ë‹ˆë‹¤ ^^~*,1
ë³´ìŒˆ ì–´ë–»ê²Œ ì´ë ‡ê²Œ ë§›ìžˆê²Œ í•˜ëŠ”ì§€ ë¹„ë²•ì´ ê¶ê¸ˆí•˜ë„¤ìš”.. ã…‹ã…‹ã…‹ã…‹ã…‹ ë§›ìžˆê²Œ ìž˜ë¨¹ì—ˆìŠµë‹ˆë‹¤,1
"ê°ìžíƒ• êµ­ë¬¼ì´ ì •ë§ ë§›ìžˆìŠµë‹ˆë‹¤ 
ì‚´ë„ ë˜ê²Œ ë§Žê³  ë§›ìžˆê²Œ ë¨¹ê³ ê°‘ë‹ˆë‹¤",1
"ë ˆìŠ¤í† ëž‘ ë¶„ìœ„ê¸°ê°€ ì œ ë§˜ì— ì™ì´ë„¤ìš” ã…Ž ë„“ì–´ì„œ ì¢‹ì•˜ê³  
ìŒì‹ë“¤ë„ ì „ì²´ì ìœ¼ë¡œ ë§›ìžˆì–´ìš”",1
ë§›ìžˆì–´ìš”. ê°•ë‚¨ìµœê³ ê°€ì„±ë¹„ì¸ë“¯. ìˆ ê¹Œì§€ 45000ì› ë‚˜ì™”ëŠ”ë° ì–´ë””ê°€ì„œ ì´ë ‡ê²Œ ëª» ë¨¹ìŒ. ë°¥ë„ 1000ì›ì¸ë° ëŒì†¥ë°¥ìœ¼ë¡œ ì¤Œ. ìµœê³ ...,1
ì •ë§ ë§›ìžˆì—ˆê³  ìˆ¯ë¶ˆì˜ í–¥ì„ ìž˜ ëŠê¼ˆìŠµë‹ˆë‹¤. ê³ ê¸°ì˜ ìœ¡ì¦™ë„ ì‚´ì•„ìžˆê³  ë§›ìžˆì—ˆìŠµë‹ˆë‹¤. ë˜ ëœìž¥ì°Œê°œ ëŒ€ë°•ì´ì—ìš”!!,1
ì¹œì ˆí•˜ì‹œê³  ê¹”ë”í•˜ê³  ì¢‹ì•˜ìŠµë‹ˆë‹¤,1
ì¡°ìš©í•˜ê³  ê³ ê¸°ë„ êµ¿,1
"ê°ˆë¹„íƒ•ê³¼ ëƒ‰ë©´, ìœ¡íšŒë¹„ë¹”ë°¥ì´ ë§›ìžˆìŠµë‹ˆë‹¤.",1
"ëŒ€ì²´ì ìœ¼ë¡œ ë§Œì¡±í•˜ë‚˜
ì™€ì¸ì˜ êµ¬ì„±ì´ ì‚´ì§ ì•„ì‰¬ì›€",1
ê³ ê¸°ë„ ë§›ìžˆê³  ì„œë¹„ìŠ¤ëŠ” ë” ìµœê³ ìž…ë‹ˆë‹¤~,1
ê³ ê¸°ê°€ ìž…ì—ì„œ ë…¹ì•„ìš”~! ì„œë¹„ìŠ¤ë„ ìµœê³ ì˜€ìŠµë‹ˆë‹¤.,1
ìž…ì—ì„œ ì‚´ì‚´ë…¹ëŠ” ìµœìƒê¸‰ì†Œê³ ê¸°ë¥¼ ë§›ë³´ê³ ì™”ìŠµë‹ˆë‹¤.,1
ê³ ê¸°ë„ êµ¬ì›Œì£¼ê³  ê°€ì„±ë¹„ ì§±~~<,1
"ì½œí‚¤ì§€ í”„ë¦¬ë¼ì„œ ì™€ì¸ì„ ê°€ì§€ê³  ê°€ë©´ ì¢‹ì€ ì‹ë‹¹!
ìƒê³ ê¸°ê°€ í”Œë ˆì´íŒ…ë„ ì•„ì£¼ ì˜ˆì˜ê²Œ ë‚˜ì˜¤ê³  ê³ ê¸° ì§ˆë„ ì¢‹ì•„ ë§Œì¡±í–ˆë„¤ì—¬
ë‹¤ë§Œ ê°€ê²©ì´ í›„ëœëœí•˜ì—¬ ìžì£¼ëŠ” ëª»ê°„ë‹¤ëŠ” ã…Žã…Ž
íšŒì‹ë•Œ ìžì£¼ ê°€ê³  ì‹¶ì€ ê³³ ì°œì½©ìž…ë‹ˆë‹¤ ã…‹ã…‹",1
"ì €ë ´í•˜ë©´ì„œë„ ë§›ì´ ì•„ì£¼ ì¢‹ì•˜ìŠµë‹ˆë‹¤.
êµ¬ì›Œì£¼ì‹œëŠ” ì„œë²„ë¶„ë“¤ì˜ ì •ì„±ì´ ê³ ê¸° í•œì  í•œì ì— ê¹ƒë“¤ì—¬ì ¸, ìµœê³ ì˜ ì €ë…ì‹ì‚¬ë¥¼ ëŒ€ì ‘ë°›ì€ ê¸°ë¶„ìž…ë‹ˆë‹¤.
ë°‘ë°˜ì°¬ ì—­ì‹œ ì†Œë°•í•˜ê²Œ í•„ìš”í•œê²ƒë§Œ ëª‡ ê°€ì§€ë¡œ êµ¬ì„±ë˜ì–´ ìžˆê³ , ë¬´ì—‡ë³´ë‹¤ ê³ ê¸°ì˜ í’ë¯¸ë¥¼ ë°°ê°€ì‹œí‚¤ëŠ” ì—­í• ì„ í•´ ì£¼ì—ˆìŠµë‹ˆë‹¤.
ì‹¬ì—°í•œìš°, ì´ëŸ¬ì‹¬ì—° ê³¤ëž€í•´ì—¬~!",1
ë§›ì€ ë‚˜ì˜ì§€ ì•Šì•˜ëŠ”ë° ì–‘ì´ ì ê³ .. í…Œì´ë¸”ì¡°ê¸ˆì°¨ë‹ˆê¹Œ ë„ˆë¬´ ë°”ë¹ ë³´ì´ì‹œë”ë¼êµ¬ìš”..ì¼ë‹¨ ì–‘ì´ë„ˆë¬´ì ì–´ì„œ ë³„ëºì•„ìš” 10000ì›ì¸ì§‘ë„ ì´ì •ë„ëŠ”ì•„ë‹Œë° ã…œã…œ ë…¼í˜„ì´ë¼ ê·¸ëŸ°ê°€ì‹¶ì€ë°,0
ì™„ì „ ë§›ë‚©ë‹ˆë‹¤.ëª¨ë‘ë“¤ ê°•ì¶”í•˜ë„¤ìš”. ê¼­ ê°€ë³´ì„¸ìš”. ì†Œê¸ˆ ë° ì–‘ë… ë‹¤ ë§›ìžˆì–´ìš”.,1
íšŒì‹ ìž¥ì†Œë¡œ ì¢‹ì•˜ìŠµë‹ˆë‹¤. ì„œë¹„ìŠ¤ë„ ì¢‹ê³  ë¬´ì—‡ë³´ë‹¤ ë‹­ê°ˆë¹„ê°€ ë§›ìžˆì—ˆìŠµë‹ˆë‹¤. ì—„ì²­ ë”ìš´ë‚ ì¸ë° ë¶ˆì´ ìžˆìŒì—ë„ ì‹œì›í•˜ê²Œ ë¨¹ì„ ìˆ˜ ìžˆì—ˆìŠµë‹ˆë‹¤.^^,1
"ë§›ìžˆì–´ì„œ ê³„ì† ì‹œì¼œë¨¹ì—ˆì–´ìš”
ì˜ˆì•½ì‹œê°„ë³´ë‹¤ ì¡°ê¸ˆ ëŠ¦ì—ˆëŠ”ë°ë„ ì‚¬ìž¥ë‹˜ì´ ì „í™” ì£¼ì…”ì„œ ì¹œì ˆížˆ ì•ˆë‚´ í•´ì£¼ì‹œëŠ”ê²ƒë„ ì¢‹ì•˜ì–´ìš”",1
ë„ˆë¬´ë§›ìžˆì–´ì„œ ë‚¨ê¸°ì§€ ì•Šê³  ë‹¤ë¨¹ì—‡ì–´ìš”!! ê°•ì¶”ìž…ë‹ˆë‹¤!,1
ì§ì›ë¶„ë“¤ë„ ì¹œì ˆí•˜ê³  ë‹­ê°ˆë¹„ë„ ì§„ì§œ ë§›ìžˆì—ˆìŠµë‹ˆë‹¤. ì²˜ìŒ ë„¤ì´ë²„ì˜ˆì•½ì„ ì´ìš©í•˜ì˜€ëŠ”ë° ë„¤ì´ë²„ì—ì„œ ë³´ë‚¸ ì˜ˆì•½í™•ì • ë¬¸ìžì™¸ì—ë„ ì‚¬ìž¥ë‹˜ê»˜ì„œ ë”°ë¡œ ì—°ë½ì„ ì£¼ì…¨êµ¬ìš” ì„œë¹„ìŠ¤ë¡œ í†¡ì†Œë‹¤ì†Œì£¼ë¥¼ í•œë³‘ ì£¼ì…¨ëŠ”ë° ì†Œì£¼ë¥¼ ìž˜ ëª»ë§ˆì‹œëŠ” ì €í•œí… ë”±ì´ë”ë¼êµ¬ìš” ë‹­ê°ˆë¹„ëŠ” ë§¤ì½¤ê³¼ ê°„ìž¥ ì‹œì¼œì„œ ë¨¹ì–´ë³´ì•˜ëŠ”ë° ë‘ê°œë‹¤ ë§›ìžˆì—ˆìŠµë‹ˆë‹¤. ë‹´ë²ˆì— ì‹ ì‚¬ë†€ëŸ¬ê°”ì„ë•Œ ë˜ì´ìš©í•˜ê² ìŠµë‹ˆë‹¤. ê°ì‚¬í•©ë‹ˆë‹¤ ì‚¬ìž¥ë‹˜.  ë¨¹ê³  ì–˜ê¸°í•˜ëŠ”ë° ì§‘ì¤‘í•˜ëŠë¼ ì‚¬ì§„í•˜ë‚˜ë¥¼ ëª»ì°ì—ˆë„¤ìš” í•˜í•«,1
ë„ˆë¬´ ë§›ìžˆì—ˆìŠµë‹ˆë‹¤.,1
ë§›ìžˆê²Œ ìž˜ ë¨¹ê³  ê°€ìš”! ì¡±ë°œ ë„ˆë¬´ ë§›ìžˆì—ˆê³  ë‹¤ë§Œ í¬ê¸°ë³„ë¡œ ë©”ë‰´ê°€ ìžˆìœ¼ë©´ ë” ì¢‹ì„ë“¯í•´ìš”,1
ì˜ˆì•½ë„ ë¼ì„œ ì¢‹ì•˜ê³  ì–‘ë„ í‘¸ì§í•´ì„œ ë§›ìžˆê²Œ ìž˜ ë¨¹ê³  ì™”ìŠµë‹ˆë‹¤. ê°•ì¶”!,1
"ìŠ¤ë…¸ìš°ì¡±ë°œì´ ì—†ì–´ì ¸ì„œ ì•„ì‰¬ì› ì§€ë§Œ
ê°€ê²©ëŒ€ë¹„ êµ¬ì„±ê³¼ë§›ì´ í›Œë¥­í•´ìš”!!!^^
ê°ì‚¬í•©ë‹ˆë‹¤",1
"ë²Œì¨ 3ë²ˆì§¸ ë‹¨ì²´ ëŒ€ê´€í•˜ì˜€ìŠµë‹ˆë‹¤(50ëª…)
ì–¸ì œë‚˜ ì‹¤ë§ì‹œí‚¤ì§€ ì•ŠëŠ” ì¡±ë°œê³¼ ë³´ìŒˆ
ì¹œì ˆí•˜ì‹  ì‚¬ìž¥ë‹˜ê³¼ í™€ë§¤ë‹ˆì ¸ë‹˜ë¶„ë“¤ 
ê°ì‚¬ë“œë ¤ìš” ^^",1
ë§ˆëŠ˜ ì¡±ë°œ JMT,1
ì¹œì ˆí•˜ê³  ë§›ìžˆê²Œ ìž˜ ë¨¹ì—ˆì–´ìš”,1
ì¹œì ˆí•˜ê³  ë§›ìžˆê³  ì¢‹ì•˜ìŠµë‹ˆë‹¤.,1
"ê°•ë‚¨ì—­ ê·¼ì²˜ ì¡±ë°œì§‘ ì¤‘ ë¶„ìœ„ê¸° ì¢‹ê³ ~ ë§›ë‚œ ê³³ ë‘˜ë‹¤ ì¶©ì¡±ë˜ëŠ”ê³³ ì°¾ê¸° ì–´ë ¤ìš´ë° ì—¬ê¸´ ê·¸ ë‘˜ì´ ì™„ë²½^^ 
ë¶„ìœ„ê¸° ì¢‹ì€ ì¸í…Œë¦¬ì–´ì— ë§›ë„ Good!!
ë°ì´íŠ¸í•˜ëŸ¬ ì˜¤ì„¸ìš”^^",1
ë§›ìžˆì—ˆì–´ìš” ë‹¤ì‹œ ê°ˆë§Œí•´ìš”,1
"ìŒì‹ì´ ë‹¤ ë§›ìžˆì–´ìš” 
ê·¸ë¦¬ê³  ë‚¨ìžì§ì›ë“¤ì´ ì¹œì² í•´ìš”",1
ì¦ê²ê²Œë†€ë‹¤ê°”ì–´ìš”~ ë°”ë‹¥ì´ë„ˆë¬´ë¯¸ë„ëŸ¬ìš´ê±°ë¹¼ê³ ëŠ” ì§ì›ë¶„ë“¤ë„ ë‹¤ ì¹œì ˆí•˜ì‹œê³  ì¢‹ì•˜ì–´ìš”! ë§ˆê°ì´5ì‹œì¸ì¤„ì•Œì•˜ëŠ”ë° 1ì‹œ? ê¹Œì§€ë”ë¼êµ¬ìš” ã… ã…  ë„ˆë¬´ ëŠ¦ê²Œë‚˜ì™€ì„œ ì£„ì†¡ì£„ì†¡ ã… 3ã… ,1
ê°€ê²©ì´ ì¢€ ìžˆì–´ë„ ë„ˆë¬´ ë§›ìžˆì–´ìš”! ì¹œì ˆí•¨ì´ ìµœê³  :),1
"ê³ ê¸° ë§›ìžˆì–´ìš”~
ê·¸ë ‡ì§€ë§Œ 12ëª… ì˜ˆì•½ì— ë–¨ì–´ì ¸ ì•‰ì•„ì•¼í•œë‹¤ê³  ë§ì”€ì„ ë¯¸ë¦¬ í•´ì£¼ì…¨ìœ¼ë©´ ì¢‹ì„ë»”í–ˆìŠµë‹ˆë‹¤. ê°€ë³´ê³  ë‹¹í™©í–ˆì–´ìš”",1
ì„œë¹„ìŠ¤ë„ ì¢‹ì•˜ê³  ê³ ê¸°ë„ ë§›ìž‡ì—ˆì–´ìš”^^,1
ë°©ë¬¸í•  ë•Œë§ˆë‹¤ ëŠë¼ì§€ë§Œ ì •ë§ ê³ ê¸°ê°€ ë§›ìžˆë„¤ìš”. ê°™ì´ êµ¬ì›Œì£¼ì‹œëŠ” ê¹€ì¹˜ì™€ ê³ë“¤ì´ë‹ˆ ëŠë¼í•¨ë„ ì—†ê³  ì˜¤ëžœë§Œì— ë§›ìžˆê²Œ ë¨¹ê³  ì™”ì–´ìš”. ì—¬ìž ì„¸ëª…ì´ ê°€ì„œ 6ì¸ë¶„ ë¨¹ê³ ì™”ë„¤ìš”.ã…Žã…Žì§ì›ë¶„ë“¤ë„ ë„ˆë¬´ ì¹œì ˆí•˜ì…”ì„œ êµ¬ì›Œì£¼ì‹œëŠ” ê³ ê¸° íŽ¸í•˜ê²Œ ë¨¹ê³ ì™”ìŠµë‹ˆë‹¤!,1
ë”ë„ˆë§ˆì¹´ì¹´ã…—ì˜¤ë…¸ë„ˆì¹´ë‚˜ìžìžìž¥,1
ì§ì›ë¶„ë“¤ì´ ë‹¤ë“¤ ì—„ì²­ ì¹œì ˆí•˜ì‹œê³  ê³ ê¸°ë„ ë§›ìžˆê²Œ êµ¬ì›Œì£¼ì„¸ìš”!! ê³ ê¸°ëŠ” ë¬¼ë¡ ì´ê³  ì°Œê°œëž‘ ê³„ëž€ì°œë„ ì§±ì§± ë§›ìžˆì–´ìš”!!! ë‹¤ìŒì— íšŒì‹í•  ë•Œ ë˜ ê°ˆê²Œìš”~,1
"ì¢‹ì€ ë§Œë‚¨ ë§›ë‚˜ëŠ” ê³ ê¸° ë§ì´ í•„ìš”í• ê¹Œ
ê°€ê²©ëŒ€ë¹„ ìµœê³ ì˜ ë§›ì§‘*****
ì‚¬ìž¥ë‹˜ ì˜¤ëž˜ì˜¤ëž˜ ìž¥ì‚¬í•˜ì„¸ìš” ^^*",1
"í’ë¶€í•œ ë§ˆë¸”ë§ê³¼ ìº í•‘ê°€ì„œ ë¨¹ëŠ” ê³ ì¶”ìž¥ì°Œê²Œ
ã…‹ í™˜ìƒì´ë„¤ìš” í›„íšŒ ì—†ëŠ”ë§›ì´ë„¤ìš”^^",1
ê³ ê¸°ë„ ë„ˆë¬´ ë§›ìžˆê³  ì‚¬ìž¥ë‹˜ë“¤ ë¹„ë¡¯í•œ ì§ì›ë“¤ë„ ë„ˆë¬´ ì¹œì ˆí•˜ë‹¤ëŠ” ì†Œë¬¸ì´ ìžìží•´ì„œ 2ì‹œê°„ì„ ë‹¬ë ¤ ì°¾ì•„ì˜¨ ëŒ€ì„±ì‹ë‹¹! ê³ ê¸°ë§›ì´ ë‹¤ ê±°ê¸°ì„œ ê±°ê¸°ë¼ê³  ìƒê°í–ˆë˜ ë‚˜ì˜ ë‡Œêµ¬ì¡°ë¥¼ ë’¤ì§‘ì–´ë†“ì€ ë§› ! ë¹¨ë¦¬ í™˜ìƒì ì¸ ë§›ì„ ëŠë¼ê³  ì‹¶ì–´  ì•ˆ ìµì€ ê³ ê¸°ë„ ì§‘ì–´ë¨¹ê²Œ ë§Œë“œëŠ” ì§‘! ê¸°ë³¸ìœ¼ë¡œ ë‚˜ì˜¤ëŠ” ìˆ™ì£¼+ê³„ëž€ì˜ í™˜ìƒì ì¸ ì½œë¼ë³´ì™€ ë“ì´ë©´ ë“ì¼ìˆ˜ë¡ ê°ì¹ ë§›ì´ í’ë¶€í•´ì§€ëŠ” ëœìž¥ì°Œê°œ ê·¸ë¦¬ê³  ì§‘ì—ì„œ ë“ì—¬ë¨¹ìœ¼ë©´ ì´ëŸ° ë§›ì´ ë‚˜ì§ˆ ì•Šë˜ë° ë¹„ë¹”ë©´ì— ë¬´ìŠ¨ ë§ˆë²•ì„ ë¶€ë¦¬ì‹ ê±°ì£ ...? ì € ëª…ëž€ ì‹«ì–´í•˜ëŠ”ë° í˜€ë¥¼ íœ˜ê°ëŠ” ëª…ëž€ë°¥ì˜ ë§›ì€ ì‚¬ëž‘ìž…ë‹ˆë‹¤.. ëŒ€ì„±ì‹ë‹¹ì˜ ë‹¨ì ì´ë¼ê³ í•˜ë©´ ë‹¤ ë§›ìžˆì–´ì„œ ì†ì´ ì—´ê°œê°€ ì•„ë‹ˆë¼ëŠ”ê²Œ ì„œëŸ½ë‹¤ëŠ” ì ? ë‹¤ë“¤ ê³ ë¯¼í•˜ì§€ë§ê³  ê°•ë‚¨ê³ ê¸°ì´ì•¼ê¸° ëŒ€ì„±ì‹ë‹¹ìœ¼ë¡œ ì˜¤ì„¸ìš”!í•œë²ˆ ì‚¬ëŠ” ì¸ìƒ ê¼­ ë¨¹ì–´ë´ì•¼í•˜ëŠ” ë§›ìž…ë‹ˆë‹¤! ê¼­ ì˜¤ì„¸ìš” ì§„ì§œ ë¦¬ë·°ë¥¼ ì“¸ ìˆ˜ ìžˆëŠ” 400ìžê°€ ëª¨ìžã„¹ã…ìš”,1
ê°€ì„±ë¹„ êµ¿~ ì§ì›ë“¤ ì¹œì ˆí•¨ì— ë³„ 4ê°œ,1
"ì§ì›ë¶„ë“¤ì´ ì¹œì ˆí•˜ê³  ë„˜ ì¢‹ì•˜ì–´ìš”^^ê°€ì„±ë¹„ ê°‘
ê³ ê¸°ë‘ ë§›ë‚˜ê³ ~ì•Œê³ ë³´ë‹ˆ ê³±ì°½ì´ì•¼ê¸°  ì‚¬ìž¥ë‹˜ì´ëž‘ ê°™ì€ë¶„ì´ë¼ì„œ ê³±ì°½ë„ ê°™ì´ ì£¼ë¬¸ ê°€ëŠ¥í•˜ë„¤ìš”^^
ê³ ê¸°ì™€ í•¨ê»˜ ë¨¹ì„ìˆ˜ìžˆëŠ” ëœìž¥êµ­ ê³„ëž€ì°œ ë¹„ë¹”ë©´ì´ ì„œë¹„ìŠ¤ë¼ì„œ í‘¸ì§í•˜ë‹ˆ ìµœê³ ì˜ˆìš”",1
"ë…¼í˜„ë™ ìµœê³  ë§›ì§‘!!ðŸ‘ðŸ¼ðŸ‘ðŸ¼ ì˜¬ë•Œë§ˆë‹¤ ì†ë‹˜ë“¤ì´ ë” ë§Žì•„ì§€ëŠ”ê±°ê°™ì•„ì„œ ë‚˜ì¤‘ì—ëŠ” ì¤„ì„œì„œ ë¨¹ì–´ì•¼ ë ê±°ê°™ì•„ìš”ã… 
ì„œë¹„ìŠ¤ë„ ë„ˆë¬´ ë§Žì´ì£¼ì‹œê³  ê³ ê¸°ë„ ë§›ìžˆì§€ë§Œ ë°‘ë°˜ì°¬ë“¤ë„ ì§±ìž…ë‹ˆë‹¤!! ì‚¬ìž¥ë‹˜ë„ ì§ì›ë¶„ë“¤ë„ ë„ˆë¬´ ì¹œì ˆí•˜ê³  100ì ë§Œì ì— 100000ì ì´ìƒìž…ë‹ˆë‹¤!!",1
ê³ ê¸°ì— ë¹„ë¹”ë©´ ì‹¸ë¨¹ìœ¼ë©´ ì •ë§ë¡œ ë§›ìžˆë„¤ìš”~ ì´ê±´ ë§Žì€ì‚¬ëžŒë“¤ì´ ì•Œì•„ì„œ ë„ë¦¬ë„ë¦¬ í¼ì ¸ì•¼í•  ë§›! ë‘˜ì§¸ ê°€ë¼ë©´ ì„œëŸ¬ìš´ ì–‘! ìžë¦¬ë„ ë„“ì–´ì„œ ê°€ì¡±ë‹¨ìœ„ê±°ë‚˜ ë‹¨ì²´ íšŒì‹ìœ¼ë¡œ ì˜¤ê¸° ì°¸ ì¢‹ì€ ê°€ê²Œ! ì‚¬ìž¥ë‹˜ë„ ë„˜ ì¹œì ˆí•˜ì‹œê³  ì •ë§ ê°€ì„±ë¹„ ì§±ì§±! ìµœê³ !,1
ì¼ë‹¨ ê³ ê¸° í€„ì´ ê¸°ë³¸ì ìœ¼ë¡œ ë„ˆë¬´ ì¢‹ì•„ìš” !! ê·¸ë¦¬ê³  ë¹„ë¹”ë©´ ì´ê²Œ ì§„ì§œìž…ë‹ˆë‹¤ ê³ ê¸°ëž‘ ì‹¸ë¨¹ìœ¼ë©´ ê·¸ëƒ¥ ì™€...... 3ëª…ì´ê°€ì„œ ê³ ê¸° 6ì¸ë¶„ì— ë¹„ë¹”ë©´ 4ê°œ ëšë”±í•˜ê³ ì™”ë„¤ìš” ê·¸ë¦¬ê³  ê¸°ë³¸ìœ¼ë¡œ ë‚˜ì˜¤ëŠ” ì°Œê°œë„ ë§›ìžˆì–´ìš” ì¶”ì²œì¶”ì²œ^^,1
"ì§„ì§œ ì§€ê¸ˆê¹Œì§€ ë¨¹ì–´ë³¸ ê³ ê¸°ëž‘ ë°‘ë°˜ì°¬ ì¤‘ì— ì œì¼ ë§›ìžˆì–´ì„œ í˜¼ìž ì•Œê³ ì‹¶ì§€ë§Œ ì‚¬ëžŒë“¤ì´ ë§Žì´ ì™€ì¤˜ì•¼ ì˜¤ëž˜ì˜¤ëž˜ ë‚¨ì•„ìžˆì„ ìˆ˜ ìžˆìœ¼ë‹ˆê¹.. ë‹¤ë“¤ ì•Œì•„ì¤¬ìœ¼ë©´ ì¢‹ê² ëŠ” ê³³
ì§€ë‚˜ê°€ëŠ” ëª¨ë¥´ëŠ” ì‚¬ëžŒí•œí…Œë„ ì¶”ì²œí•´ì£¼ê³ ì‹¶ì€ ê³³
ë…¼í˜„ì— ì´ëŸ° ê³ ê¸°ì§‘ì€ ì—†ì—ˆë‹¤ ì—¬ê¸°ë‹¤ ì§„ì‹¬ ì—¬ê¸°ë‹¤!",1
ë§›ìžˆì–´ìš” ë‹¤ì‹œ ì˜¤ê² ì”ë‹ˆë‹¤ ê°€ì„±ë¹„ì§± ë§›ë„ êµ¿,1
ì˜ˆì•½ì´ ì¦‰ì‹œ ì²˜ë¦¬ë˜ì„œ ê°„íŽ¸,1
í•­ìƒ ì¹œì ˆí•˜ê³  ë§›ìžˆëŠ” ê³³ì´ì—ìš”.,1
"ë²Œì¨ 10ë…„ ê°€ê¹Œì´ ë‹¤ë‹ˆê³  ìžˆëŠ” ê°€ê²Œì—ìš” ã…Žã…Ž
ìƒˆë¡œìš´ ì¹œêµ¬ ë°ë¦¬ê³  ê°ˆ ë•Œë§ˆë‹¤ ë‹¤ë“¤ ë§›ìžˆì–´ í•˜ì§€ìš”

ì–´ì œ 8ëª…ì´ì„œ ë‹­ê°ˆë¹„ 10ì¸ë¶„ì— ë‹­ë°œ 4ì¸ë¶„ ë³¶ìŒë°¥ 2ì¸ë¶„ì„ ë¨¹ê³  ë§‰ê±¸ë¦¬ ì†Œì£¼ ë§¥ì£¼ ì£¼ì¢…ì„ ê°€ë¦¬ì§€ ì•Šê²Œ ë‹¤ ì–´ìš¸ë¦¬ê³  ë§›ìžˆëŠ” ê³³ìž…ë‹ˆë‹¤ 

ì‚¬ìž¥ë‹˜ ì˜¤ëž˜ì˜¤ëž˜ ìž¥ì‚¬í•´ì£¼ì„¸ìš” ã…Žã…Ž",1
ë§›ìžˆì—ˆê³  ê°€ê²Œë„ ê¹¨ë—í–ˆìŠµë‹ˆë‹¤. í•˜ì§€ë§Œ ì–‘ì´ ì ì—ˆìŠµë‹ˆë‹¤.,1
ê°•ë‚¨ì—­ì—ì„œ êµ¬ì›Œë¨¹ëŠ” ë‹­ê°ˆë¹„ ë¨¹ê¸° íž˜ë“ ë°~ :) ì—¬ê¸°ëŠ” ì‹¬ì§€ì–´ ë§›ìžˆê¸°ê¹Œì§€í•´ì„œ ìžì£¼ ê°€ëŠ” ê³³ì´ì˜ˆìš”!,1
"ì•„ê¸°ì˜ìžëŠ” ì—†ëŠ”ë“¯í–ˆê³  ì§ìž¥ì¸ë“¤ì´ í‡´ê·¼ í›„ ë§Žì´ ì˜¤ì‹œë”ë¼êµ¬ìš”.
ì‚¬ìž¥ë‹˜ì´ ì¹œì ˆí•˜ì‹œê³  ìŒì‹ì€ ì–‘ì´ ì¢€ ìž‘ì•˜ì§€ë§Œ ë§›ì€ ê´œì°®ì•˜ì–´ìš” ã…‹
ë§‰êµ­ìˆ˜ê°€ ë³¶ìŒë°¥ë³´ë‹¤ ë§›ìžˆì—ˆì–´ìš”",1
ë§›ì§‘ ì¸ì •!,1
JMT ì¼ë°˜ ì–‘ë… ë‹­ê°ˆë¹„ì— ë¹„í•´ ê°€ê²©ì´ ë¹„ì‹¸ë‹¤ê³  ëŠë‚„ ìˆ˜ ìžˆì§€ë§Œ ê³ ê¸° ì–‘ì€ ê½¤..? ë§Žì•„ì„œ êµ³êµ³ 2ì¸ë¶„ì¸ë° ê³ ê¸°ë§Œ ë¨¹ê³  ë°°ë¶€ë¥´ì§„ì•Šì„ê±°ê°™ê³ ... ë§‰êµ­ìˆ˜ëž‘ ê°™ì´ë¨¹ìœ¼ë©´ ê°œê¿€ ì¡°í•©ë„ êµ³êµ³ ì†Œì£¼ê°€ ìƒê°ë‚˜ëŠ” ë§›... ì‚¬ìž¥ë‹˜ ì¹œì ˆí•˜ì‹œê³  ë§›ìžˆê²Œìž˜ë¨¹ì—ˆì–´ìš”~~,1
ë§›ìžˆì—ˆì–´ìš”.,1
"ìž˜ë¨¹ì—ˆìŠµë‹ˆë‹¤~~
ìˆ¯ë¶ˆë‹­ê°ˆë¹„ë„ë§›ë‚˜ê³  ëª©ì‚´ë„ë§›ë‚¬ì–´ìš”^^",1
"ë§›ìžˆì—ˆì–´ìš”, ë–¡ ê¼­ ë“œì„¸ìš”",1
ê³ ê¸°ë„ ë§›ìžˆê³  ì£¼ì¸ë¶„ë“¤ì´ ë„ˆë¬´ ì¹œì ˆí•˜ì…¨ì–´ìš”!!^^,1
ì¸ìƒ í•œìš°ì§‘ ì°¾ì•˜ë„¤ìš” ã…Žã…Ž ì‚¬ìž¥ë‹˜ë„ ë„ˆë¬´ ì¹œì ˆí•˜ì‹œê³  ê³ ê¸°ë„ ë„ˆë¬´ ë§›ìžˆê³ ~ì•žìœ¼ë¡œ ì†Œê³ ê°€ ë¨¹ì„ë•ŒëŠ” ë¬´ì¡°ê±´ ê´‘ë¶€ í•œìš°ë¡œ ê°€ë ¤êµ¬ìš”!,1
ë„¤ì´ë²„ ë§›ì§‘ë“¤ ìž˜ ì•ˆ ë¯¿ì–´ì„œ ê·¸ëƒ¥ ì†ëŠ”ì…ˆì¹˜ê³  ê°”ëŠ”ë° ì›¬ì—´ ì§„ì§œì˜€ë„¤ìš” ! ë‹¤ìŒì— ë˜ ì˜ˆì•½í•˜ê³  ê°€ì•¼ê² ì–´ìš” !!,1
ë‹¨ê³¨ì¸ë° ê³ ê¸° ì •ë§ ë§›ìžˆìŠµë‹ˆë‹¤. ìµœê³  ^^,1
"ëŠ˜ ì‹¤ë§ì‹œí‚¤ì§€ ì•ŠìŠµë‹ˆë‹¤^^
ê³ ê¸° ë§›ì€ ë¬¼ë¡ ì´ê³ , ë¬¼êµ­ìˆ˜ë„, ê³ ê¸° ì‹¸ë¨¹ëŠ” ì™€ì‚¬ë¹„ìžŽë„ ì •ë§ ë§›ìžˆì–´ìš”. 
ì‚¬ìž¥ë‹˜ì˜ ìœ ì¾Œí•˜ì‹¬ë„ ë¶„ìœ„ê¸°ë¥¼ í•œì¸µ ë‹êµ¬ë„¤ìš”.
ë•ë¶„ì— ë¶€ì„œ íšŒì‹ ì¦ê²ê²Œ ìž˜í–ˆìŠµë‹ˆë‹¤.",1
"ìŒì‹ì€ ë§›ìžˆì—ˆìŠµë‹ˆë‹¤. ì¹œì ˆë„ë„ ê´œì°®ìŠµë‹ˆë‹¤.
ë‹¤ë§Œ êµ¬ì´ëŠ” ë°”ë¡œ ë‚˜ì˜¤ëŠ” íŽ¸ì¸ë° ìœ¡íšŒëŠ” ì‹œê°„ì´ ê±¸ë ¸ìŠµë‹ˆë‹¤.",1
ì •ë§ ì¹œì ˆí•˜ì‹œê³  ê³ ê¸°ë„ ë§›ìžˆê³  í•˜ë‚˜í•˜ë‚˜ì„¤ëª…í•´ê°€ë©´ì„œ êµ¬ì›Œì£¼ì‡¼ì„œ ë„˜ë‚˜ ì¢‹ì•˜ì–´ìš” ë˜ ê°ˆê²Œìš” ê°ì‚¬í•©ë‹ˆë‹¤,1
"ë¨¹ì–´ë´¤ë˜í•œìš°ì¤‘ ì§„ì§œ ì ¤ ë§›ìžˆì—ˆì–´ìš”
ì‚¬ìž¥ë‹˜ë„ ë„˜ ì¹œì ˆí•˜ì…”ì„œ ë‹¤ìŒë²ˆì— ë˜ ê°ˆê»˜ìš”!!^^",1
"ì§ˆì¢‹ì€ í•œìš°ë¥¼ ì´ ê°€ê²©ì—
ê³ë“¤ì´ëŠ” ë°˜ì°¬ë„ ì™€ì¸ë„
ë„˜ ì¢‹ì•„ìš”~~",1
ì–´ì œê°”ëŠ”ëŽ… ë„˜ ì¢‹ì•„ì—¬ ì¹œì ˆí•˜ì‹œê³  ê³ ê¸°ë„ ë§›ë‚˜ê³ ^^  êµ³êµ³ ë‹´ì— ë˜ ê°ˆê²Œìš”~~!!!!,1
ì¸ìƒê°ˆë¹„ìž…ë‹ˆë‹¤. ë§›ìžˆê²Œ ë¨¹ì—ˆê³  ì„œë¹„ìŠ¤ë„ ì¢‹ìŠµë‹ˆë‹¤^^,1
ë¹„ë¹”ëƒ‰ë©´ë°–ì— ì—†ì–´ì„œ ì•„ì‰¬ì› ì§€ë§Œ ì‹œì¼œë¨¹ìœ¼ë‹ˆ ë¬¼ëƒ‰ë©´ì„ ì‹¹ ìžŠì–´ë²„ë¦¼... ê³ ê¸°ë„ í•˜ë‚˜í•˜ë‚˜ ë‹¤ êµ¬ì›Œì£¼ì‹œê³  ì‹¬ì§€ì–´ ë§›ìžˆìŒ,1
ì¹œì ˆí•˜ê³  ë§›ìžˆëŠ” ì†¡í¬ê°ˆë¹„ ðŸ‘Œ,1
"ì¹œì ˆí•˜ì‹œê³  ê³ ê¸°ë„ ì •ë§ë§›ìžˆì–´ìš¤ ã…Žã…Žã…Žã…Ž
ìž¬ë°©ë¬¸ ì˜ì‚¬ìžˆìŠµë‹ˆë‹¤",1
ì–‘ë…ê°ˆë¹„ê°€ íŠ¹ížˆ ëŒ€ë°•ì´ì—ˆì–´ìš”â¤ï¸,1
ë§›ìžˆê²Œ ë¨¹ì—ˆìŠµë‹ˆë‹¤,1
ë„ˆë¬´ë„ˆë¬´ ë§›ìž‡ëŠ”ê²ƒ!!,1
ê³ ê¸°ê°€ ì›ëž˜ ë§›ìžˆëŠ”ë°..êµ¬ì›Œì£¼ë‹ˆê¹Œ 2ë°°ë¡œ ë§›ìžˆì–´ìš”.,1
"ê°ˆë¹„ ë§›ìž‡ì—‡ì–´ìš”~ ê³ ê¸°ë„ ì§ì ‘ êµ¬ì›Œì£¼ì…”ì„œ ë„ˆë¬´ ì¢‹ì•˜ì–´ìš”~

ë§‰ ë¨¹ë‹¤ë³´ë‹ˆ ëˆì€ ë§ˆë‹ˆ ë‚˜ì™“ì–´ìš” ã… ",1
ë„ˆë¬´ë§›ìžˆê²Œìž˜ë¨¹ì—ˆìŠµë‹ˆë‹¤,1
